method,setting,seed,n_classes_failed,RR_macro,RR_median_class,RR_p10_class,RR_iqr_class,repair_conc20,repair_spread,repair_spread_z,n_repaired,cov0.3,cov0.5,cov0.7,n_classes_est,Reg_overall,Reg_macro,Reg_max_class,n_classes_hit,frac_classes_hit,reg_conc20,reg_spread,reg_spread_z,n_regressed
NN-Patching [ungated],gtsrb/resnet50,101,20,0.55,0.5833333333333333,0.0,1.0,0.5806451612903226,0.78871530411042,-2.5675467419577176,31,1.0,1.0,1.0,2,0.8252717662311758,0.7727478202543208,1.0,40,0.9302325581395349,0.5531117824773414,0.9302325581395349,0.0,8275
NN-Patching [ungated],gtsrb/resnet50,202,20,0.674047619047619,1.0,0.0,0.625,0.5588235294117647,0.8845643520566121,-1.528227494568195,34,1.0,1.0,0.75,4,0.7451879924204647,0.7533425248930221,1.0,40,0.9302325581395349,0.5896680942184154,0.9302325581395349,0.0,7472
NN-Patching [ungated],gtsrb/resnet50,303,20,0.54,0.9,0.0,1.0,0.6206896551724138,0.6991895757190529,-3.3838604318020993,29,0.6666666666666666,0.6666666666666666,0.6666666666666666,3,0.7276353844619528,0.7773219494064437,1.0,39,0.9069767441860465,0.5764802631578947,0.9069767441860465,0.0,7296
NN-Patching [ungated],gtsrb/convnext_tiny,101,25,0.7395772946859904,1.0,0.0,0.5,0.6287128712871287,0.813338755591704,-7.577724812097775,202,1.0,1.0,1.0,12,0.6399508045505791,0.5990834301424501,1.0,30,0.6976744186046512,0.6945868033311979,0.6977149834292691,-260.2755480298825,6244
NN-Patching [ungated],gtsrb/convnext_tiny,202,23,0.825202333897986,1.0,0.10000000000000009,0.12380952380952381,0.6394230769230769,0.875848478213269,-7.137300280937422,208,1.0,1.0,1.0,13,0.5266987803628165,0.5256417567479957,1.0,27,0.627906976744186,0.7341895310371668,0.627906976744186,0.0,5139
NN-Patching [ungated],gtsrb/convnext_tiny,303,25,0.6752380952380952,1.0,0.0,1.0,0.6766169154228856,0.7372516895351219,-9.232605403536637,201,1.0,0.9090909090909091,0.9090909090909091,11,0.5548836732602235,0.5644398988138469,1.0,29,0.6744186046511628,0.7301440709272257,0.6746539490519949,-115.05320626009333,5414
NN-Patching [ungated],gtsrb/densenet121,101,22,0.75,1.0,0.0,0.3214285714285714,0.5285714285714286,0.8715651858128556,-2.538604440592576,70,0.8571428571428571,0.8571428571428571,0.8571428571428571,7,0.7291415964701163,0.7393493834162168,1.0,41,0.9534883720930233,0.6004676110576261,0.9534883720930233,0.0,7271
NN-Patching [ungated],gtsrb/densenet121,202,23,0.6420289855072463,1.0,0.0,1.0,0.6984126984126984,0.7639966575146234,-4.200956997899378,63,1.0,1.0,0.8,5,0.7803850782190133,0.7391412890117057,1.0,41,0.9534883720930233,0.5876381392958109,0.9534883720930233,0.0,7782
NN-Patching [ungated],gtsrb/densenet121,303,21,0.6825396825396824,1.0,0.0,0.5,0.5970149253731343,0.8184143222506394,-3.468576978096824,67,1.0,1.0,0.8333333333333334,6,0.7469915764139591,0.7554950576084815,1.0,41,0.9534883720930233,0.5608806551214928,0.9534883720930233,0.0,7449
NN-Patching [ungated],gtsrb/vgg16,101,29,0.4465829693597389,0.4,0.0,0.8,0.5446428571428571,0.75046904315197,-5.416178699796197,112,0.8823529411764706,0.7058823529411765,0.47058823529411764,17,0.9555147433935313,0.941578700679503,1.0,43,1.0,0.48766684463427656,1.0,0.0,9365
NN-Patching [ungated],gtsrb/vgg16,202,29,0.4383745564780048,0.36363636363636365,0.0,0.8333333333333334,0.5145631067961165,0.8029057541579048,-4.0059154767350345,103,0.7894736842105263,0.5789473684210527,0.42105263157894735,19,0.9788797061524335,0.9714620426442625,1.0,43,1.0,0.4817594329789452,1.0,0.0,9594
NN-Patching [ungated],gtsrb/vgg16,303,30,0.5259255015137368,0.5857142857142856,0.0,0.8166666666666667,0.5413533834586466,0.7895209043603086,-5.02591729816549,133,1.0,0.8823529411764706,0.5882352941176471,17,0.969594939291909,0.9472942852374567,1.0,42,0.9767441860465116,0.4892139324423866,0.9767441860465116,0.0,9503
NN-Patching [ungated],tt100k_signs/resnet50,101,91,0.3160286599847039,0.0,0.0,0.7846153846153847,0.831081081081081,0.5031446540880503,-10.254896681732374,148,0.875,0.8125,0.6875,16,0.7804170694655435,0.8115285079572915,1.0,109,0.9316239316239316,0.7970270748540081,0.9515287750158224,-3.861826189358388,5651
NN-Patching [ungated],tt100k_signs/resnet50,202,92,0.34648033126294,0.0,0.0,1.0,0.8395061728395061,0.5227280754423763,-10.653604343416362,162,1.0,0.9230769230769231,0.9230769230769231,13,0.8425631818809557,0.7868785830941959,1.0,105,0.8974358974358975,0.8236354695951483,0.9126070140367649,-7.629310513136591,6101
NN-Patching [ungated],tt100k_signs/resnet50,303,89,0.34993154565196866,0.0,0.0,1.0,0.832258064516129,0.5231987792028485,-10.899294897568248,155,0.7857142857142857,0.7857142857142857,0.7857142857142857,14,0.8450490263775722,0.7911358914426008,1.0,104,0.896551724137931,0.8097728386991339,0.9110420042924094,-7.786296946648612,6119
NN-Patching [ungated],tt100k_signs/convnext_tiny,101,87,0.3616346588610456,0.0,0.0,1.0,0.808695652173913,0.5776530780656873,-7.864767354981874,115,0.9090909090909091,0.9090909090909091,0.8181818181818182,11,0.8984396386531618,0.821014158496635,1.0,106,0.8907563025210085,0.8115478366849482,0.89973474801061,-10.980209746418058,6564
NN-Patching [ungated],tt100k_signs/convnext_tiny,202,85,0.4392357968828557,0.0,0.0,1.0,0.7793103448275862,0.6091219729609271,-9.273690170272037,145,1.0,1.0,1.0,9,0.8343826991513824,0.8084088451326967,1.0,105,0.875,0.7975721784776902,0.8901511137485959,-10.070040397983815,6096
NN-Patching [ungated],tt100k_signs/convnext_tiny,303,84,0.42193362193362194,0.0,0.0,1.0,0.7872340425531915,0.6097096257907171,-9.081743141700173,141,1.0,1.0,1.0,9,0.8420476320832193,0.7852764051301171,1.0,100,0.847457627118644,0.8236345903771132,0.862608095576977,-11.964261232756074,6152
NN-Patching [ungated],tt100k_signs/densenet121,101,92,0.4759399899617291,0.3333333333333333,0.0,1.0,0.7702702702702703,0.6408579649489929,-8.472968277040192,222,0.8947368421052632,0.8421052631578947,0.8421052631578947,19,0.8461215932914046,0.8169652064018509,1.0,99,0.8839285714285714,0.8093822266270234,0.8971047981514204,-9.352809309417358,6054
NN-Patching [ungated],tt100k_signs/densenet121,202,82,0.4496379298208566,0.5,0.0,1.0,0.7899543378995434,0.6093579978237215,-9.440470013107538,219,0.9,0.9,0.8,20,0.8545073375262054,0.8145921368503299,1.0,99,0.8918918918918919,0.7901537455021262,0.9033877038895859,-9.40472735172195,6114
NN-Patching [ungated],tt100k_signs/densenet121,303,86,0.4571522475439245,0.5,0.0,1.0,0.7451923076923077,0.6394217403391715,-8.709112308018454,208,0.8888888888888888,0.8888888888888888,0.7777777777777778,18,0.8918238993710692,0.8531029973132014,1.0,103,0.911504424778761,0.8108446951888418,0.9220921644546899,-8.33933342687549,6381
NN-Patching [ungated],tt100k_signs/vgg16,101,100,0.3665360750360751,0.19642857142857142,0.0,0.8083333333333333,0.7034482758620689,0.760701855107826,-4.702500782590802,145,0.7619047619047619,0.5714285714285714,0.38095238095238093,21,0.9448807854137448,0.8286721084184749,1.0,106,0.9217391304347826,0.8071842066201573,0.9258248356879271,-12.590897951071588,6737
NN-Patching [ungated],tt100k_signs/vgg16,202,103,0.3188863904883322,0.0,0.0,0.6666666666666666,0.7619047619047619,0.6311360448807855,-7.969696969696968,147,0.8095238095238095,0.6190476190476191,0.38095238095238093,21,0.9333800841514727,0.8490795077893659,1.0,108,0.9230769230769231,0.7984973703981968,0.9283135636926251,-10.470910885845564,6655
NN-Patching [ungated],tt100k_signs/vgg16,303,102,0.3047608437314319,0.0,0.0,0.6499999999999999,0.7746478873239436,0.6127101738387004,-7.9588764341851235,142,0.782608695652174,0.6086956521739131,0.391304347826087,23,0.9497896213183731,0.8443381854411726,1.0,109,0.9478260869565217,0.8058180744240993,0.9505330397436177,-10.35231591707359,6772
NN-Patching [ungated],lisa_signs/resnet50,101,13,0.5025641025641026,0.3333333333333333,0.0,1.0,0.7222222222222222,0.8592910848549946,-1.1321324141291809,18,0.6666666666666666,0.3333333333333333,0.3333333333333333,3,0.7727759914255091,0.8631600968050807,1.0,48,0.9230769230769231,0.6747572815533981,0.9327633113097551,-4.672264018398596,1442
NN-Patching [ungated],lisa_signs/resnet50,202,11,0.4848484848484848,0.6666666666666666,0.0,1.0,0.65,0.6717044500419815,-2.7797223137664955,20,1.0,1.0,0.5,2,0.7363344051446945,0.814362587047297,1.0,47,0.9038461538461539,0.7328966521106259,0.9251057966735557,-4.235694420211791,1374
NN-Patching [ungated],lisa_signs/resnet50,303,17,0.20588235294117646,0.0,0.0,0.0,0.9166666666666666,0.4546746234725775,-4.030952236025721,12,1.0,1.0,1.0,1,0.9056806002143623,0.8957924704729512,1.0,50,0.9433962264150944,0.757396449704142,0.9539254030334828,-3.3242427318031385,1690
NN-Patching [ungated],lisa_signs/convnext_tiny,101,6,0.28571428571428575,0.0,0.0,0.5357142857142857,0.8333333333333334,0.5412719891745602,-2.0088029172703834,6,1.0,1.0,1.0,1,0.9705107951553449,0.9334101431090327,1.0,51,0.9622641509433962,0.7400976668475312,0.9642654566080544,-5.891883036371796,1843
NN-Patching [ungated],lisa_signs/convnext_tiny,202,8,0.35,0.0,0.0,0.8500000000000001,0.8571428571428571,0.5937654626422563,-2.370427837707582,7,1.0,1.0,1.0,1,0.8551869404949973,0.9308933759727831,1.0,50,0.9615384615384616,0.7001231527093597,0.9733307377846993,-1.9710700020577108,1624
NN-Patching [ungated],lisa_signs/convnext_tiny,303,9,0.3055555555555556,0.0,0.0,0.75,0.8333333333333334,0.6147540983606558,-2.456729355399788,6,,,,0,0.7867298578199052,0.9002057613168725,1.0,49,0.9074074074074074,0.7161981258366801,0.927722819141383,-4.179704510785915,1494
NN-Patching [ungated],lisa_signs/densenet121,101,10,0.26666666666666666,0.0,0.0,0.5,0.8333333333333334,0.6060606060606061,-2.6353757757579954,6,,,,0,0.7597676874340021,0.890928854932446,1.0,49,0.9423076923076923,0.6754690757470465,0.9533537623425263,-3.1359467536834886,1439
NN-Patching [ungated],lisa_signs/densenet121,202,11,0.25757575757575757,0.0,0.0,0.41666666666666663,0.6,0.8933556672250139,-0.8195160890131007,5,,,,0,0.6029567053854277,0.8861111853223911,1.0,51,0.9622641509433962,0.5858143607705779,1.0080545535405445,0.3215102709720584,1142
NN-Patching [ungated],lisa_signs/densenet121,303,12,0.25,0.0,0.0,0.25,0.6666666666666666,1.0434782608695652,0.3779644730092272,3,,,,0,0.6906019007391764,0.8431128212662942,1.0,48,0.9056603773584906,0.6804281345565749,0.9337613072658302,-2.8975050927955768,1308
NN-Patching [ungated],lisa_signs/vgg16,101,21,0.031746031746031744,0.0,0.0,0.0,1.0,1.0282776349614395,0.24124895481858172,2,0.0,0.0,0.0,1,0.9833690987124464,0.956060701750357,1.0,51,0.9807692307692307,0.701582105837425,0.9819494584837545,-3.7176119782245727,1833
NN-Patching [ungated],lisa_signs/vgg16,202,18,0.027777777777777776,0.0,0.0,0.0,1.0,1.0,0.0,1,0.0,0.0,0.0,2,0.9860515021459227,0.9606006936134317,1.0,52,0.9811320754716981,0.7159956474428727,0.9819658200358795,-4.360094275912046,1838
NN-Patching [ungated],lisa_signs/vgg16,303,17,0.029411764705882353,0.0,0.0,0.0,1.0,1.0296010296010296,0.2469978897879128,2,0.0,0.0,0.0,1,0.9887339055793991,0.9626701452450619,1.0,53,1.0,0.7227346717308736,1.0004719207173194,0.16012815380507806,1843
PatchNAS [ungated],gtsrb/resnet50,101,20,0.5375,0.5833333333333333,0.0,1.0,0.6,0.7995079950799507,-2.6292032575936624,30,1.0,1.0,1.0,2,0.8953824673381869,0.8525115528404145,1.0,43,1.0,0.511026954778347,1.0,0.0,8978
PatchNAS [ungated],gtsrb/resnet50,202,20,0.684047619047619,1.0,0.0,0.625,0.5714285714285714,0.8786059452335626,-1.6026723652747235,35,1.0,1.0,1.0,4,0.8829161264585619,0.8668465991982638,1.0,43,1.0,0.49610301592680445,1.0,0.0,8853
PatchNAS [ungated],gtsrb/resnet50,303,20,0.5228571428571429,0.7285714285714285,0.0,1.0,0.5925925925925926,0.7308970099667774,-2.7897881907890776,27,0.6666666666666666,0.6666666666666666,0.3333333333333333,3,0.8814201655530068,0.8917640161587768,1.0,43,1.0,0.48664856302330844,1.0,0.0,8838
PatchNAS [ungated],gtsrb/convnext_tiny,101,25,0.6892777777777778,1.0,0.0,0.5555555555555556,0.6649484536082474,0.7816517535739997,-6.921848886391411,194,1.0,0.9166666666666666,0.9166666666666666,12,0.7189709951829456,0.7418665324171556,1.0,41,0.9534883720930233,0.5874554526015681,0.9534883720930233,0.0,7015
PatchNAS [ungated],gtsrb/convnext_tiny,202,23,0.860659605262304,1.0,0.6254545454545455,0.12380952380952381,0.6407766990291263,0.922671353251318,-3.538448019916699,206,1.0,1.0,0.9230769230769231,13,0.7054422465921902,0.744006833821282,1.0,42,0.9767441860465116,0.5759116664245242,0.9767441860465116,0.0,6883
PatchNAS [ungated],gtsrb/convnext_tiny,303,25,0.6634632034632034,1.0,0.0,1.0,0.6683673469387755,0.7395993836671804,-7.961823211631084,196,0.9090909090909091,0.9090909090909091,0.9090909090909091,11,0.7158962795941376,0.75061346853687,1.0,42,0.9767441860465116,0.5872584108804582,0.9767441860465116,0.0,6985
PatchNAS [ungated],gtsrb/densenet121,101,22,0.5744949494949495,0.6904761904761905,0.0,0.9375,0.5901639344262295,0.8174734959764975,-2.6666806687448794,61,0.8571428571428571,0.8571428571428571,0.8571428571428571,7,0.8690332932210189,0.8692218920655123,1.0,43,1.0,0.5263097161320102,1.0,0.0,8666
PatchNAS [ungated],gtsrb/densenet121,202,23,0.6086956521739131,0.9,0.0,1.0,0.7192982456140351,0.7954262987820035,-3.3140521630217483,57,0.8,0.8,0.8,5,0.8841756919374247,0.8717082105439407,1.0,43,1.0,0.5177498015197913,1.0,0.0,8817
PatchNAS [ungated],gtsrb/densenet121,303,21,0.6579365079365078,1.0,0.0,1.0,0.5833333333333334,0.7997867235403893,-2.8548942622909825,60,1.0,1.0,0.8333333333333334,6,0.894404332129964,0.8905599688041009,1.0,43,1.0,0.5218073775086893,1.0,0.0,8919
PatchNAS [ungated],gtsrb/vgg16,101,29,0.5157264896829326,0.6666666666666666,0.0,0.8181818181818182,0.5681818181818182,0.763705791435585,-6.195140773479977,132,1.0,0.8235294117647058,0.6470588235294118,17,0.8376696255484134,0.8392446563070958,1.0,43,1.0,0.5021924482338611,1.0,0.0,8210
PatchNAS [ungated],gtsrb/vgg16,202,29,0.47750869819835345,0.3333333333333333,0.0,0.8333333333333334,0.6068376068376068,0.7437017755879892,-6.199796319204668,117,0.6842105263157895,0.631578947368421,0.5789473684210527,19,0.8313437404346495,0.8691452607561378,1.0,43,1.0,0.4988954344624448,1.0,0.0,8148
PatchNAS [ungated],gtsrb/vgg16,303,30,0.5261585038055626,0.6571428571428571,0.0,0.8972222222222223,0.5620437956204379,0.7128218836318275,-7.015296347126213,137,0.8823529411764706,0.7647058823529411,0.6470588235294118,17,0.8230792776247322,0.8172351692733598,1.0,43,1.0,0.52807735217553,1.0,0.0,8067
PatchNAS [ungated],tt100k_signs/resnet50,101,91,0.22835808879764924,0.0,0.0,0.3666666666666667,0.8943089430894309,0.47785787847579814,-9.644501754190648,123,0.75,0.6875,0.5625,16,0.930258251622704,0.9230486984856394,1.0,115,0.9829059829059829,0.773604513064133,0.9885882529926285,-1.6788420952535983,6736
PatchNAS [ungated],tt100k_signs/resnet50,202,92,0.276371635610766,0.0,0.0,0.5785714285714285,0.8642857142857143,0.5082005082005082,-10.06318539781353,140,0.9230769230769231,0.8461538461538461,0.6923076923076923,13,0.9067808313768816,0.9135467380673875,1.0,115,0.9829059829059829,0.7820590922936339,0.9915288944452827,-0.96940749893457,6566
PatchNAS [ungated],tt100k_signs/resnet50,303,89,0.24502722437289523,0.0,0.0,0.5,0.8648648648648649,0.5268241285450873,-8.1832154804267,111,0.6428571428571429,0.5714285714285714,0.5,14,0.9279105095981218,0.9137533969488344,1.0,114,0.9827586206896551,0.7727340378032446,0.9899055682188213,-1.3238517993439154,6719
PatchNAS [ungated],tt100k_signs/convnext_tiny,101,87,0.2573790485709527,0.0,0.0,0.5108695652173914,0.8617021276595744,0.5221445221445221,-8.128011996192528,94,0.9090909090909091,0.7272727272727273,0.5454545454545454,11,0.9430604982206405,0.921650423762956,1.0,116,0.9747899159663865,0.7851959361393324,0.9801229378340127,-3.093671229004447,6890
PatchNAS [ungated],tt100k_signs/convnext_tiny,202,85,0.36352222940458234,0.0,0.0,0.9285714285714286,0.8203125,0.6090719666613239,-7.635719836949114,128,1.0,1.0,0.8888888888888888,9,0.9292362441828634,0.9043118851211169,1.0,116,0.9666666666666667,0.7758138164678156,0.9732360097323601,-3.7623261509989336,6789
PatchNAS [ungated],tt100k_signs/convnext_tiny,303,84,0.31553030303030305,0.0,0.0,0.7329545454545454,0.85,0.5557660730074523,-8.08084975376486,120,1.0,1.0,1.0,9,0.8712017519846701,0.8978865668924455,1.0,114,0.9661016949152542,0.7679497250589159,0.9806451612903225,-1.7914217144805742,6365
PatchNAS [ungated],tt100k_signs/densenet121,101,92,0.3595885741018066,0.0,0.0,0.9032608695652173,0.8297872340425532,0.6024096385542169,-8.578467295148116,188,0.8421052631578947,0.7894736842105263,0.5789473684210527,19,0.9091544374563243,0.9203102592047089,1.0,109,0.9732142857142857,0.7764796310530361,0.9816282420749279,-2.221331468512643,6505
PatchNAS [ungated],tt100k_signs/densenet121,202,82,0.3030989335867384,0.0,0.0,0.6666666666666666,0.8594594594594595,0.5696427865026307,-8.878645188218973,185,0.9,0.75,0.55,20,0.9017470300489169,0.9344104079255421,1.0,111,1.0,0.7631742095474272,1.0082888611331895,0.9986890152617853,6452
PatchNAS [ungated],tt100k_signs/densenet121,303,86,0.34224800285846796,0.0,0.0,0.7116402116402116,0.8306010928961749,0.5486968449931412,-10.016738605096625,183,0.7777777777777778,0.7777777777777778,0.6111111111111112,18,0.9116701607267645,0.9196586984124773,1.0,111,0.9823008849557522,0.7890541162042005,0.9915804989168546,-0.9313014909590224,6523
PatchNAS [ungated],tt100k_signs/vgg16,101,100,0.2647110389610389,0.0,0.0,0.5,0.7606837606837606,0.6804925469863902,-6.025314733745334,117,0.6666666666666666,0.5238095238095238,0.23809523809523808,21,0.7827489481065919,0.8390943504919197,1.0,111,0.9652173913043478,0.7668876545421968,0.9848501652507597,-1.2067985426238645,5581
PatchNAS [ungated],tt100k_signs/vgg16,202,103,0.2658775690329088,0.0,0.0,0.5277777777777778,0.8015267175572519,0.6273572575525598,-7.3872749832058,131,0.7142857142857143,0.6190476190476191,0.2857142857142857,21,0.8063113604488078,0.8516257812228621,1.0,115,0.9829059829059829,0.7669159853887633,0.9997174711494577,-0.027211722642945548,5749
PatchNAS [ungated],tt100k_signs/vgg16,303,102,0.24466032333679394,0.0,0.0,0.5,0.825,0.596078431372549,-7.579268487649973,120,0.6521739130434783,0.4782608695652174,0.391304347826087,23,0.7929873772791024,0.8310472265816515,1.0,112,0.9739130434782609,0.7674212946586487,0.9878067603025159,-1.1982419086355323,5654
PatchNAS [ungated],lisa_signs/resnet50,101,13,0.4538461538461539,0.4,0.0,1.0,0.7368421052631579,0.7284079084287202,-2.23978645105814,19,1.0,0.6666666666666666,0.3333333333333333,3,0.7867095391211146,0.8942228094456535,1.0,51,0.9807692307692307,0.6771117166212534,0.9898107714701602,-0.778846888629896,1468
PatchNAS [ungated],lisa_signs/resnet50,202,11,0.3737373737373737,0.0,0.0,0.8333333333333333,0.7333333333333333,0.6357279084551811,-2.4733454514927606,15,1.0,0.5,0.5,2,0.8531618435155413,0.9027645691905952,1.0,50,0.9615384615384616,0.7047738693467337,0.9743264968090807,-1.6320326613592313,1592
PatchNAS [ungated],lisa_signs/resnet50,303,17,0.35294117647058826,0.0,0.0,1.0,0.8125,0.5576208178438662,-3.565368030386279,16,1.0,1.0,1.0,1,0.857449088960343,0.8982190512920536,1.0,52,0.9811320754716981,0.7525,0.9954534577650156,-0.3170632437371102,1600
PatchNAS [ungated],lisa_signs/convnext_tiny,101,6,0.30952380952380953,0.0,0.0,0.6428571428571428,0.8571428571428571,0.4929143561306223,-2.5634897802981556,7,1.0,1.0,1.0,1,0.9262769878883623,0.9135434832851026,1.0,52,0.9811320754716981,0.7396247868106879,0.9869045359650788,-1.3065463878511991,1759
PatchNAS [ungated],lisa_signs/convnext_tiny,202,8,0.35,0.0,0.0,0.8500000000000001,0.8571428571428571,0.5937654626422563,-2.370427837707582,7,1.0,1.0,1.0,1,0.8209583991574513,0.9138811706787006,1.0,52,1.0,0.6978832584990379,1.0149807251256526,0.9681556369669971,1559
PatchNAS [ungated],lisa_signs/convnext_tiny,303,9,0.3333333333333333,0.0,0.0,1.0,0.8571428571428571,0.5452067242162653,-2.9804473387799684,7,,,,0,0.8135860979462876,0.9234817052547943,1.0,53,0.9814814814814815,0.6925566343042071,0.99844581547591,-0.09651309708004398,1545
PatchNAS [ungated],lisa_signs/densenet121,101,10,0.16666666666666666,0.0,0.0,0.25,0.6666666666666666,1.0849909584086799,0.5394464783127572,3,,,,0,0.9292502639915523,0.954118236397367,1.0,52,1.0,0.6829545454545455,1.0020233163117833,0.3425177889601983,1760
PatchNAS [ungated],lisa_signs/densenet121,202,11,0.25757575757575757,0.0,0.0,0.41666666666666663,0.6,0.8933556672250139,-0.8195160890131007,5,,,,0,0.7861668426610349,0.9478023959372999,1.0,53,1.0,0.6406984553391538,1.0199663218667308,1.0990726647618874,1489
PatchNAS [ungated],lisa_signs/densenet121,303,12,0.3333333333333333,0.0,0.0,0.75,0.5,0.9358914365933552,-0.4867130584773987,6,,,,0,0.8727560718057022,0.9073628160340599,1.0,53,1.0,0.7011494252873564,1.0089952881823805,0.708910076676441,1653
PatchNAS [ungated],lisa_signs/vgg16,101,21,0.21825396825396823,0.0,0.0,0.3333333333333333,0.7,0.8557457212713937,-1.1112313206031055,10,1.0,1.0,0.0,1,0.7736051502145923,0.9041069259127379,1.0,51,0.9807692307692307,0.6331484049930652,1.0027033669206193,0.14230617001769616,1442
PatchNAS [ungated],lisa_signs/vgg16,202,18,0.37037037037037035,0.0,0.0,0.9166666666666666,0.6666666666666666,0.8966096945923229,-0.7358851613915895,12,0.5,0.5,0.0,2,0.85568669527897,0.9057701235814951,1.0,52,0.9811320754716981,0.690282131661442,0.9919404835709857,-0.6073049717909382,1595
PatchNAS [ungated],lisa_signs/vgg16,303,17,0.20588235294117646,0.0,0.0,0.3333333333333333,0.8,0.6349206349206349,-2.6362005494340854,10,0.0,0.0,0.0,1,0.9297210300429185,0.9447122905594183,1.0,52,0.9811320754716981,0.7114829774956722,0.9855951478392723,-1.6688189253460193,1733
