setting,seed,n_train_pos,n_train_neg,theta,Reg,CReg,RR_held,realised_r,n_held,n_clean,n_crit,n,prevalence,accuracy,precision,recall,f1,TP,FP,FN,TN
gtsrb/convnext_tiny,101,208,5,0.0,0.0,0.0,0.8018433179723502,1.0,217,9757,1961,190,0.9421052631578948,0.9526315789473684,0.9775280898876404,0.9720670391061452,0.9747899159663864,174,4,5,7
gtsrb/densenet121,101,76,10,0.0,0.0020056157240272766,0.0,0.7349397590361446,0.5238095238095237,83,9972,1972,115,0.6,0.7391304347826086,0.7349397590361446,0.8840579710144928,0.8026315789473685,61,22,8,24
gtsrb/resnet50,101,45,23,0.0,0.0016954223596290017,0.0,0.6458333333333334,0.7976190476190476,48,10027,1967,125,0.264,0.816,0.5961538461538461,0.9393939393939394,0.7294117647058823,31,21,2,71
gtsrb/vgg16,101,149,12,0.0,0.0027548209366391185,0.001544799176107106,0.6052631578947368,0.22857142857142856,190,9801,1942,163,0.7116564417177914,0.7791411042944786,0.7666666666666667,0.9913793103448276,0.8646616541353382,115,35,1,12
lisa_signs/convnext_tiny,101,9,2,0.0,0.000526592943654555,0.0,0.21428571428571427,0.5,14,1899,753,9,0.6666666666666666,0.5555555555555556,0.75,0.5,0.6,3,1,3,2
lisa_signs/densenet121,101,13,2,0.0,0.0031678986272439284,0.0053475935828877,0.35294117647058826,0.39999999999999997,17,1894,748,21,0.3333333333333333,0.5238095238095238,0.4,0.8571428571428571,0.5454545454545455,6,9,1,5
lisa_signs/resnet50,101,29,2,0.0,0.004287245444801715,0.004267425320056899,0.5588235294117647,0.38461538461538464,34,1866,703,39,0.5384615384615384,0.6923076923076923,0.6551724137931034,0.9047619047619048,0.7599999999999999,19,10,2,8
tt100k_signs/convnext_tiny,101,130,21,0.0,0.005338078291814947,0.001455957291919437,0.2018348623853211,0.5,218,7306,4121,145,0.3793103448275862,0.5862068965517241,0.4731182795698925,0.8,0.5945945945945946,44,49,11,41
tt100k_signs/densenet121,101,231,18,0.0,0.008106219426974143,0.002446782481037436,0.47435897435897434,0.36263736263736274,312,7155,4087,280,0.5857142857142857,0.6464285714285715,0.6406926406926406,0.9024390243902439,0.7493670886075949,148,83,16,33
tt100k_signs/resnet50,101,180,30,0.0,0.007180336923501795,0.0012174336498660824,0.3372093023255814,0.4901960784313726,258,7242,4107,260,0.41923076923076924,0.5846153846153846,0.5028901734104047,0.7981651376146789,0.6170212765957447,87,86,22,65
tt100k_signs/vgg16,101,193,34,0.0,0.015427769985974754,0.014563106796116505,0.2804878048780488,0.035087719298245654,328,7130,4120,287,0.32752613240418116,0.3344947735191638,0.3274021352313167,0.9787234042553191,0.4906666666666667,92,189,2,4
gtsrb/convnext_tiny,202,203,3,0.0,0.0005124525981346726,0.0005159958720330237,0.8709677419354839,0.375,217,9757,1938,198,0.9545454545454546,0.9696969696969697,0.9692307692307692,1.0,0.9843749999999999,189,6,0,3
gtsrb/densenet121,202,80,7,0.0,0.0013036502206177295,0.0010167768174885613,0.7590361445783133,0.23529411764705888,83,9972,1967,89,0.7191011235955056,0.8202247191011236,0.8076923076923077,0.984375,0.8873239436619719,63,15,1,10
gtsrb/resnet50,202,44,19,0.0,0.0006981150892590007,0.0,0.6666666666666666,0.8478260869565217,48,10027,1976,86,0.4186046511627907,0.8604651162790697,0.8,0.8888888888888888,0.8421052631578948,32,8,4,42
gtsrb/vgg16,202,148,12,0.0,0.0042852770125497396,0.0005224660397074191,0.6052631578947368,0.16,190,9801,1914,190,0.6105263157894737,0.6736842105263158,0.6534090909090909,0.9913793103448276,0.7876712328767124,115,61,1,13
lisa_signs/densenet121,202,14,2,0.0,0.0010559662090813093,0.0027624309392265192,0.35294117647058826,0.5,17,1894,724,16,0.5,0.6875,0.6666666666666666,0.75,0.7058823529411765,6,3,2,5
lisa_signs/resnet50,202,28,3,0.0,0.0026795284030010718,0.004213483146067416,0.38235294117647056,0.5,34,1866,712,36,0.5833333333333334,0.5833333333333334,0.65,0.6190476190476191,0.6341463414634146,13,7,8,8
lisa_signs/vgg16,202,25,2,0.0,0.001609442060085837,0.0027359781121751026,0.25,0.0,36,1864,731,19,0.5789473684210527,0.5263157894736842,0.5625,0.8181818181818182,0.6666666666666666,9,7,2,1
tt100k_signs/convnext_tiny,202,136,20,0.0,0.005064330687106488,0.0026679602231384912,0.2981651376146789,0.3833333333333334,218,7306,4123,155,0.49032258064516127,0.5870967741935483,0.5508474576271186,0.8552631578947368,0.6701030927835051,65,53,11,26
tt100k_signs/densenet121,202,242,34,0.0,0.004891684136967156,0.0009883864591055103,0.47435897435897434,0.5679012345679012,312,7155,4047,278,0.5971223021582733,0.7230215827338129,0.714975845410628,0.891566265060241,0.7935656836461125,148,59,18,53
tt100k_signs/resnet50,202,180,33,0.0,0.0040044186688760015,0.0014731156395777069,0.29069767441860467,0.6627906976744187,258,7242,4073,229,0.4366812227074236,0.6899563318777293,0.6198347107438017,0.75,0.6787330316742083,75,46,25,83
tt100k_signs/vgg16,202,172,32,0.0,0.016129032258064516,0.01183723797780518,0.32926829268292684,0.0,328,7130,4055,308,0.35064935064935066,0.35714285714285715,0.35294117647058826,1.0,0.5217391304347826,108,198,0,2
gtsrb/convnext_tiny,303,205,1,0.0,0.0013323767551501487,0.0,0.8341013824884793,0.0,217,9757,1945,199,0.9095477386934674,0.9095477386934674,0.9095477386934674,1.0,0.9526315789473685,181,18,0,0
gtsrb/densenet121,303,81,18,0.0,0.0005014039310068191,0.0,0.8313253012048193,0.8809523809523809,83,9972,1978,118,0.6016949152542372,0.9322033898305084,0.92,0.971830985915493,0.9452054794520549,69,6,2,41
gtsrb/resnet50,303,46,18,0.0,0.0012964994514810012,0.0,0.5,0.821917808219178,48,10027,1928,110,0.2909090909090909,0.8090909090909091,0.6486486486486487,0.75,0.6956521739130435,24,13,8,65
gtsrb/vgg16,303,152,6,0.0,0.003264972961942659,0.0005213764337851929,0.5789473684210527,0.0,190,9801,1918,156,0.7051282051282052,0.717948717948718,0.7142857142857143,1.0,0.8333333333333333,110,44,0,2
lisa_signs/convnext_tiny,303,9,1,0.0,0.0026329647182727752,0.004087193460490463,0.2857142857142857,0.16666666666666663,14,1899,734,13,0.5384615384615384,0.38461538461538464,0.4444444444444444,0.5714285714285714,0.5,4,5,3,1
lisa_signs/densenet121,303,14,2,0.0,0.0021119324181626186,0.004081632653061225,0.23529411764705882,0.6923076923076923,17,1894,735,24,0.25,0.75,0.5,0.6666666666666666,0.5714285714285715,4,4,2,14
lisa_signs/resnet50,303,30,2,0.0,0.004287245444801715,0.007032348804500703,0.38235294117647056,0.11111111111111119,34,1866,711,27,0.48148148148148145,0.5555555555555556,0.52,1.0,0.6842105263157895,13,12,0,2
tt100k_signs/convnext_tiny,303,139,19,0.0,0.0046537092800438,0.0016871535309713184,0.3073394495412844,0.46874999999999994,218,7306,4149,164,0.4695121951219512,0.6341463414634146,0.5726495726495726,0.8701298701298701,0.6907216494845361,67,50,10,37
tt100k_signs/densenet121,303,230,25,0.0,0.008385744234800839,0.0029332681495966755,0.44551282051282054,0.4339622641509434,312,7155,4091,294,0.5374149659863946,0.6632653061224489,0.634703196347032,0.879746835443038,0.7374005305039788,139,80,19,56
tt100k_signs/resnet50,303,186,24,0.0,0.00428058547362607,0.0014641288433382138,0.2868217054263566,0.5571428571428572,258,7242,4098,209,0.430622009569378,0.6172248803827751,0.5362318840579711,0.8222222222222222,0.6491228070175439,74,64,16,55
tt100k_signs/vgg16,303,190,30,0.0,0.017952314165497897,0.011547911547911549,0.2926829268292683,0.03759398496240601,328,7130,4070,322,0.2981366459627329,0.3167701863354037,0.3037974683544304,1.0,0.46601941747572817,96,220,0,6
