gate,dataset,backbone,q,Reg,CReg,Risk,RR_held,Reg_base,CReg_base,Risk_base,RR_base,n_crit,n_creg,n_clean,n_held,frac_Reg_removed,frac_CReg_removed,frac_Risk_removed
DPGate,gtsrb,densenet121,0.0,0.003376,0.001014,0.005148,0.819277,0.003376,0.001014,0.005148,0.819277,1972.3,2.0,9972.0,83.0,0.0,0.0,0.0
DPGate,gtsrb,densenet121,0.01,0.003209,0.001014,0.004947,0.819277,0.003376,0.001014,0.005148,0.819277,1972.3,2.0,9972.0,83.0,0.0495,0.0,0.039
DPGate,gtsrb,densenet121,0.02,0.003109,0.000845,0.004646,0.819277,0.003376,0.001014,0.005148,0.819277,1972.3,2.0,9972.0,83.0,0.0792,0.1666,0.0974
DPGate,gtsrb,densenet121,0.03,0.003008,0.000845,0.004513,0.819277,0.003376,0.001014,0.005148,0.819277,1972.3,2.0,9972.0,83.0,0.1089,0.1666,0.1234
DPGate,gtsrb,densenet121,0.04,0.002908,0.000845,0.004412,0.819277,0.003376,0.001014,0.005148,0.819277,1972.3,2.0,9972.0,83.0,0.1386,0.1666,0.1429
DPGate,gtsrb,densenet121,0.05,0.002808,0.000676,0.004078,0.819277,0.003376,0.001014,0.005148,0.819277,1972.3,2.0,9972.0,83.0,0.1683,0.3337,0.2078
DPGate,gtsrb,densenet121,0.06,0.002674,0.000676,0.003944,0.819277,0.003376,0.001014,0.005148,0.819277,1972.3,2.0,9972.0,83.0,0.2079,0.3337,0.2338
DPGate,gtsrb,densenet121,0.07,0.002574,0.000507,0.003677,0.819277,0.003376,0.001014,0.005148,0.819277,1972.3,2.0,9972.0,83.0,0.2376,0.4998,0.2857
DPGate,gtsrb,densenet121,0.08,0.00244,0.000507,0.003543,0.819277,0.003376,0.001014,0.005148,0.819277,1972.3,2.0,9972.0,83.0,0.2772,0.4998,0.3117
DPGate,gtsrb,densenet121,0.09,0.002373,0.000507,0.003443,0.819277,0.003376,0.001014,0.005148,0.819277,1972.3,2.0,9972.0,83.0,0.297,0.4998,0.3312
DPGate,gtsrb,densenet121,0.1,0.002273,0.000507,0.003242,0.819277,0.003376,0.001014,0.005148,0.819277,1972.3,2.0,9972.0,83.0,0.3267,0.4998,0.3701
DPGate,gtsrb,densenet121,0.11,0.002173,0.000338,0.002975,0.819277,0.003376,0.001014,0.005148,0.819277,1972.3,2.0,9972.0,83.0,0.3564,0.6668,0.4221
DPGate,gtsrb,densenet121,0.12,0.002039,0.000338,0.002741,0.819277,0.003376,0.001014,0.005148,0.819277,1972.3,2.0,9972.0,83.0,0.396,0.6668,0.4675
DPGate,gtsrb,densenet121,0.13,0.001939,0.000338,0.00254,0.819277,0.003376,0.001014,0.005148,0.819277,1972.3,2.0,9972.0,83.0,0.4257,0.6668,0.5065
DPGate,gtsrb,densenet121,0.14,0.001838,0.000338,0.00244,0.819277,0.003376,0.001014,0.005148,0.819277,1972.3,2.0,9972.0,83.0,0.4554,0.6668,0.526
DPGate,gtsrb,densenet121,0.15,0.001738,0.000338,0.002273,0.819277,0.003376,0.001014,0.005148,0.819277,1972.3,2.0,9972.0,83.0,0.4851,0.6668,0.5584
DPGate,gtsrb,densenet121,0.16,0.001671,0.000338,0.002206,0.819277,0.003376,0.001014,0.005148,0.819277,1972.3,2.0,9972.0,83.0,0.505,0.6668,0.5714
DPGate,gtsrb,densenet121,0.17,0.001604,0.000338,0.002072,0.819277,0.003376,0.001014,0.005148,0.819277,1972.3,2.0,9972.0,83.0,0.5248,0.6668,0.5974
DPGate,gtsrb,densenet121,0.18,0.001504,0.000169,0.001805,0.819277,0.003376,0.001014,0.005148,0.819277,1972.3,2.0,9972.0,83.0,0.5545,0.833,0.6494
DPGate,gtsrb,densenet121,0.19,0.001404,0.0,0.001538,0.819277,0.003376,0.001014,0.005148,0.819277,1972.3,2.0,9972.0,83.0,0.5842,1.0,0.7013
DPGate,gtsrb,densenet121,0.2,0.001337,0.0,0.001437,0.819277,0.003376,0.001014,0.005148,0.819277,1972.3,2.0,9972.0,83.0,0.604,1.0,0.7208
DPGate,gtsrb,densenet121,0.21,0.001304,0.0,0.001404,0.819277,0.003376,0.001014,0.005148,0.819277,1972.3,2.0,9972.0,83.0,0.6139,1.0,0.7273
DPGate,gtsrb,densenet121,0.22,0.00117,0.0,0.00127,0.819277,0.003376,0.001014,0.005148,0.819277,1972.3,2.0,9972.0,83.0,0.6535,1.0,0.7532
DPGate,gtsrb,densenet121,0.23,0.001103,0.0,0.001203,0.815261,0.003376,0.001014,0.005148,0.819277,1972.3,2.0,9972.0,83.0,0.6733,1.0,0.7662
DPGate,gtsrb,densenet121,0.24,0.001003,0.0,0.001103,0.815261,0.003376,0.001014,0.005148,0.819277,1972.3,2.0,9972.0,83.0,0.703,1.0,0.7857
DPGate,gtsrb,densenet121,0.25,0.000936,0.0,0.001036,0.815261,0.003376,0.001014,0.005148,0.819277,1972.3,2.0,9972.0,83.0,0.7228,1.0,0.7987
DPGate,gtsrb,densenet121,0.26,0.000869,0.0,0.000969,0.815261,0.003376,0.001014,0.005148,0.819277,1972.3,2.0,9972.0,83.0,0.7426,1.0,0.8117
DPGate,gtsrb,densenet121,0.27,0.000802,0.0,0.000903,0.811245,0.003376,0.001014,0.005148,0.819277,1972.3,2.0,9972.0,83.0,0.7624,1.0,0.8247
DPGate,gtsrb,densenet121,0.28,0.000735,0.0,0.000836,0.807229,0.003376,0.001014,0.005148,0.819277,1972.3,2.0,9972.0,83.0,0.7822,1.0,0.8377
DPGate,gtsrb,densenet121,0.29,0.000635,0.0,0.000735,0.807229,0.003376,0.001014,0.005148,0.819277,1972.3,2.0,9972.0,83.0,0.8119,1.0,0.8571
DPGate,gtsrb,densenet121,0.3,0.000568,0.0,0.000568,0.799197,0.003376,0.001014,0.005148,0.819277,1972.3,2.0,9972.0,83.0,0.8317,1.0,0.8896
DPGate,gtsrb,densenet121,0.325,0.000368,0.0,0.000368,0.795181,0.003376,0.001014,0.005148,0.819277,1972.3,2.0,9972.0,83.0,0.8911,1.0,0.9286
DPGate,gtsrb,densenet121,0.35,0.000267,0.0,0.000267,0.787149,0.003376,0.001014,0.005148,0.819277,1972.3,2.0,9972.0,83.0,0.9208,1.0,0.9481
DPGate,gtsrb,densenet121,0.375,0.000134,0.0,0.000134,0.767068,0.003376,0.001014,0.005148,0.819277,1972.3,2.0,9972.0,83.0,0.9604,1.0,0.974
DPGate,gtsrb,densenet121,0.4,0.0001,0.0,0.0001,0.751004,0.003376,0.001014,0.005148,0.819277,1972.3,2.0,9972.0,83.0,0.9703,1.0,0.9805
DPGate,gtsrb,densenet121,0.425,3.3e-05,0.0,3.3e-05,0.730924,0.003376,0.001014,0.005148,0.819277,1972.3,2.0,9972.0,83.0,0.9901,1.0,0.9935
DPGate,gtsrb,densenet121,0.45,0.0,0.0,0.0,0.702811,0.003376,0.001014,0.005148,0.819277,1972.3,2.0,9972.0,83.0,1.0,1.0,1.0
DPGate,gtsrb,densenet121,0.475,0.0,0.0,0.0,0.678715,0.003376,0.001014,0.005148,0.819277,1972.3,2.0,9972.0,83.0,1.0,1.0,1.0
DPGate,gtsrb,densenet121,0.5,0.0,0.0,0.0,0.64257,0.003376,0.001014,0.005148,0.819277,1972.3,2.0,9972.0,83.0,1.0,1.0,1.0
DPGate,gtsrb,densenet121,0.525,0.0,0.0,0.0,0.614458,0.003376,0.001014,0.005148,0.819277,1972.3,2.0,9972.0,83.0,1.0,1.0,1.0
DPGate,gtsrb,densenet121,0.55,0.0,0.0,0.0,0.582329,0.003376,0.001014,0.005148,0.819277,1972.3,2.0,9972.0,83.0,1.0,1.0,1.0
DPGate,gtsrb,densenet121,0.575,0.0,0.0,0.0,0.550201,0.003376,0.001014,0.005148,0.819277,1972.3,2.0,9972.0,83.0,1.0,1.0,1.0
DPGate,gtsrb,densenet121,0.6,0.0,0.0,0.0,0.518072,0.003376,0.001014,0.005148,0.819277,1972.3,2.0,9972.0,83.0,1.0,1.0,1.0
DPGate,gtsrb,densenet121,0.625,0.0,0.0,0.0,0.481928,0.003376,0.001014,0.005148,0.819277,1972.3,2.0,9972.0,83.0,1.0,1.0,1.0
DPGate,gtsrb,densenet121,0.65,0.0,0.0,0.0,0.449799,0.003376,0.001014,0.005148,0.819277,1972.3,2.0,9972.0,83.0,1.0,1.0,1.0
DPGate,gtsrb,densenet121,0.675,0.0,0.0,0.0,0.425703,0.003376,0.001014,0.005148,0.819277,1972.3,2.0,9972.0,83.0,1.0,1.0,1.0
DPGate,gtsrb,densenet121,0.7,0.0,0.0,0.0,0.393574,0.003376,0.001014,0.005148,0.819277,1972.3,2.0,9972.0,83.0,1.0,1.0,1.0
DPGate,gtsrb,densenet121,0.725,0.0,0.0,0.0,0.361446,0.003376,0.001014,0.005148,0.819277,1972.3,2.0,9972.0,83.0,1.0,1.0,1.0
DPGate,gtsrb,densenet121,0.75,0.0,0.0,0.0,0.325301,0.003376,0.001014,0.005148,0.819277,1972.3,2.0,9972.0,83.0,1.0,1.0,1.0
DPGate,gtsrb,densenet121,0.775,0.0,0.0,0.0,0.293173,0.003376,0.001014,0.005148,0.819277,1972.3,2.0,9972.0,83.0,1.0,1.0,1.0
DPGate,gtsrb,densenet121,0.8,0.0,0.0,0.0,0.261044,0.003376,0.001014,0.005148,0.819277,1972.3,2.0,9972.0,83.0,1.0,1.0,1.0
DPGate,gtsrb,densenet121,0.825,0.0,0.0,0.0,0.228916,0.003376,0.001014,0.005148,0.819277,1972.3,2.0,9972.0,83.0,1.0,1.0,1.0
DPGate,gtsrb,densenet121,0.85,0.0,0.0,0.0,0.200803,0.003376,0.001014,0.005148,0.819277,1972.3,2.0,9972.0,83.0,1.0,1.0,1.0
DPGate,gtsrb,densenet121,0.875,0.0,0.0,0.0,0.164659,0.003376,0.001014,0.005148,0.819277,1972.3,2.0,9972.0,83.0,1.0,1.0,1.0
DPGate,gtsrb,densenet121,0.9,0.0,0.0,0.0,0.13253,0.003376,0.001014,0.005148,0.819277,1972.3,2.0,9972.0,83.0,1.0,1.0,1.0
DPGate,gtsrb,densenet121,0.925,0.0,0.0,0.0,0.100402,0.003376,0.001014,0.005148,0.819277,1972.3,2.0,9972.0,83.0,1.0,1.0,1.0
DPGate,gtsrb,densenet121,0.95,0.0,0.0,0.0,0.068273,0.003376,0.001014,0.005148,0.819277,1972.3,2.0,9972.0,83.0,1.0,1.0,1.0
DPGate,gtsrb,densenet121,0.975,0.0,0.0,0.0,0.036145,0.003376,0.001014,0.005148,0.819277,1972.3,2.0,9972.0,83.0,1.0,1.0,1.0
DPGate,gtsrb,densenet121,1.0,0.0,0.0,0.0,0.0,0.003376,0.001014,0.005148,0.819277,1972.3,2.0,9972.0,83.0,1.0,1.0,1.0
DPGate,gtsrb,resnet50,0.0,0.006748,0.000342,0.016921,0.701389,0.006748,0.000342,0.016921,0.701389,1957.0,0.7,10027.0,48.0,0.0,0.0,0.0
DPGate,gtsrb,resnet50,0.01,0.006582,0.000342,0.016622,0.701389,0.006748,0.000342,0.016921,0.701389,1957.0,0.7,10027.0,48.0,0.0246,0.0,0.0177
DPGate,gtsrb,resnet50,0.02,0.006482,0.000342,0.016422,0.701389,0.006748,0.000342,0.016921,0.701389,1957.0,0.7,10027.0,48.0,0.0394,0.0,0.0295
DPGate,gtsrb,resnet50,0.03,0.006383,0.000342,0.01619,0.701389,0.006748,0.000342,0.016921,0.701389,1957.0,0.7,10027.0,48.0,0.0542,0.0,0.0432
DPGate,gtsrb,resnet50,0.04,0.006283,0.000342,0.016057,0.701389,0.006748,0.000342,0.016921,0.701389,1957.0,0.7,10027.0,48.0,0.069,0.0,0.0511
DPGate,gtsrb,resnet50,0.05,0.00615,0.000342,0.015791,0.701389,0.006748,0.000342,0.016921,0.701389,1957.0,0.7,10027.0,48.0,0.0887,0.0,0.0668
DPGate,gtsrb,resnet50,0.06,0.00605,0.000342,0.015558,0.701389,0.006748,0.000342,0.016921,0.701389,1957.0,0.7,10027.0,48.0,0.1034,0.0,0.0806
DPGate,gtsrb,resnet50,0.07,0.005984,0.000342,0.015226,0.701389,0.006748,0.000342,0.016921,0.701389,1957.0,0.7,10027.0,48.0,0.1133,0.0,0.1002
DPGate,gtsrb,resnet50,0.08,0.005884,0.000342,0.014893,0.701389,0.006748,0.000342,0.016921,0.701389,1957.0,0.7,10027.0,48.0,0.1281,0.0,0.1198
DPGate,gtsrb,resnet50,0.09,0.005751,0.000342,0.014627,0.701389,0.006748,0.000342,0.016921,0.701389,1957.0,0.7,10027.0,48.0,0.1478,0.0,0.1356
DPGate,gtsrb,resnet50,0.1,0.005651,0.000169,0.014361,0.701389,0.006748,0.000342,0.016921,0.701389,1957.0,0.7,10027.0,48.0,0.1626,0.5061,0.1513
DPGate,gtsrb,resnet50,0.11,0.005552,0.000169,0.014228,0.701389,0.006748,0.000342,0.016921,0.701389,1957.0,0.7,10027.0,48.0,0.1773,0.5061,0.1591
DPGate,gtsrb,resnet50,0.12,0.005419,0.000169,0.013962,0.701389,0.006748,0.000342,0.016921,0.701389,1957.0,0.7,10027.0,48.0,0.197,0.5061,0.1749
DPGate,gtsrb,resnet50,0.13,0.005286,0.0,0.01353,0.701389,0.006748,0.000342,0.016921,0.701389,1957.0,0.7,10027.0,48.0,0.2167,1.0,0.2004
DPGate,gtsrb,resnet50,0.14,0.005219,0.0,0.013464,0.701389,0.006748,0.000342,0.016921,0.701389,1957.0,0.7,10027.0,48.0,0.2266,1.0,0.2043
DPGate,gtsrb,resnet50,0.15,0.00512,0.0,0.013331,0.701389,0.006748,0.000342,0.016921,0.701389,1957.0,0.7,10027.0,48.0,0.2414,1.0,0.2122
DPGate,gtsrb,resnet50,0.16,0.00502,0.0,0.013164,0.701389,0.006748,0.000342,0.016921,0.701389,1957.0,0.7,10027.0,48.0,0.2562,1.0,0.222
DPGate,gtsrb,resnet50,0.17,0.004887,0.0,0.012666,0.701389,0.006748,0.000342,0.016921,0.701389,1957.0,0.7,10027.0,48.0,0.2759,1.0,0.2515
DPGate,gtsrb,resnet50,0.18,0.004787,0.0,0.012566,0.701389,0.006748,0.000342,0.016921,0.701389,1957.0,0.7,10027.0,48.0,0.2906,1.0,0.2574
DPGate,gtsrb,resnet50,0.19,0.004687,0.0,0.0123,0.701389,0.006748,0.000342,0.016921,0.701389,1957.0,0.7,10027.0,48.0,0.3054,1.0,0.2731
DPGate,gtsrb,resnet50,0.2,0.004588,0.0,0.0122,0.701389,0.006748,0.000342,0.016921,0.701389,1957.0,0.7,10027.0,48.0,0.3202,1.0,0.279
DPGate,gtsrb,resnet50,0.21,0.004488,0.0,0.012034,0.701389,0.006748,0.000342,0.016921,0.701389,1957.0,0.7,10027.0,48.0,0.335,1.0,0.2888
DPGate,gtsrb,resnet50,0.22,0.004388,0.0,0.011702,0.701389,0.006748,0.000342,0.016921,0.701389,1957.0,0.7,10027.0,48.0,0.3498,1.0,0.3084
DPGate,gtsrb,resnet50,0.23,0.004255,0.0,0.011336,0.701389,0.006748,0.000342,0.016921,0.701389,1957.0,0.7,10027.0,48.0,0.3695,1.0,0.3301
DPGate,gtsrb,resnet50,0.24,0.004155,0.0,0.01107,0.701389,0.006748,0.000342,0.016921,0.701389,1957.0,0.7,10027.0,48.0,0.3842,1.0,0.3458
DPGate,gtsrb,resnet50,0.25,0.004022,0.0,0.010804,0.701389,0.006748,0.000342,0.016921,0.701389,1957.0,0.7,10027.0,48.0,0.4039,1.0,0.3615
DPGate,gtsrb,resnet50,0.26,0.003923,0.0,0.010538,0.701389,0.006748,0.000342,0.016921,0.701389,1957.0,0.7,10027.0,48.0,0.4187,1.0,0.3772
DPGate,gtsrb,resnet50,0.27,0.003856,0.0,0.010272,0.701389,0.006748,0.000342,0.016921,0.701389,1957.0,0.7,10027.0,48.0,0.4286,1.0,0.3929
DPGate,gtsrb,resnet50,0.28,0.003757,0.0,0.010173,0.701389,0.006748,0.000342,0.016921,0.701389,1957.0,0.7,10027.0,48.0,0.4433,1.0,0.3988
DPGate,gtsrb,resnet50,0.29,0.003657,0.0,0.00994,0.701389,0.006748,0.000342,0.016921,0.701389,1957.0,0.7,10027.0,48.0,0.4581,1.0,0.4126
DPGate,gtsrb,resnet50,0.3,0.003524,0.0,0.009508,0.701389,0.006748,0.000342,0.016921,0.701389,1957.0,0.7,10027.0,48.0,0.4778,1.0,0.4381
DPGate,gtsrb,resnet50,0.325,0.003258,0.0,0.008876,0.701389,0.006748,0.000342,0.016921,0.701389,1957.0,0.7,10027.0,48.0,0.5172,1.0,0.4754
DPGate,gtsrb,resnet50,0.35,0.002992,0.0,0.008211,0.701389,0.006748,0.000342,0.016921,0.701389,1957.0,0.7,10027.0,48.0,0.5567,1.0,0.5147
DPGate,gtsrb,resnet50,0.375,0.002759,0.0,0.007546,0.701389,0.006748,0.000342,0.016921,0.701389,1957.0,0.7,10027.0,48.0,0.5911,1.0,0.554
DPGate,gtsrb,resnet50,0.4,0.00246,0.0,0.006649,0.701389,0.006748,0.000342,0.016921,0.701389,1957.0,0.7,10027.0,48.0,0.6355,1.0,0.6071
DPGate,gtsrb,resnet50,0.425,0.002194,0.0,0.00615,0.701389,0.006748,0.000342,0.016921,0.701389,1957.0,0.7,10027.0,48.0,0.6749,1.0,0.6365
DPGate,gtsrb,resnet50,0.45,0.001928,0.0,0.005452,0.701389,0.006748,0.000342,0.016921,0.701389,1957.0,0.7,10027.0,48.0,0.7143,1.0,0.6778
DPGate,gtsrb,resnet50,0.475,0.001695,0.0,0.004887,0.701389,0.006748,0.000342,0.016921,0.701389,1957.0,0.7,10027.0,48.0,0.7488,1.0,0.7112
DPGate,gtsrb,resnet50,0.5,0.001429,0.0,0.004222,0.701389,0.006748,0.000342,0.016921,0.701389,1957.0,0.7,10027.0,48.0,0.7882,1.0,0.7505
DPGate,gtsrb,resnet50,0.525,0.00123,0.0,0.003624,0.694444,0.006748,0.000342,0.016921,0.701389,1957.0,0.7,10027.0,48.0,0.8177,1.0,0.7859
DPGate,gtsrb,resnet50,0.55,0.001064,0.0,0.003191,0.6875,0.006748,0.000342,0.016921,0.701389,1957.0,0.7,10027.0,48.0,0.8424,1.0,0.8114
DPGate,gtsrb,resnet50,0.575,0.000864,0.0,0.002626,0.680556,0.006748,0.000342,0.016921,0.701389,1957.0,0.7,10027.0,48.0,0.8719,1.0,0.8448
DPGate,gtsrb,resnet50,0.6,0.000798,0.0,0.002427,0.652778,0.006748,0.000342,0.016921,0.701389,1957.0,0.7,10027.0,48.0,0.8818,1.0,0.8566
DPGate,gtsrb,resnet50,0.625,0.000598,0.0,0.001895,0.645833,0.006748,0.000342,0.016921,0.701389,1957.0,0.7,10027.0,48.0,0.9113,1.0,0.888
DPGate,gtsrb,resnet50,0.65,0.000432,0.0,0.001496,0.631944,0.006748,0.000342,0.016921,0.701389,1957.0,0.7,10027.0,48.0,0.936,1.0,0.9116
DPGate,gtsrb,resnet50,0.675,0.000299,0.0,0.001064,0.618056,0.006748,0.000342,0.016921,0.701389,1957.0,0.7,10027.0,48.0,0.9557,1.0,0.9371
DPGate,gtsrb,resnet50,0.7,0.000199,0.0,0.000765,0.597222,0.006748,0.000342,0.016921,0.701389,1957.0,0.7,10027.0,48.0,0.9704,1.0,0.9548
DPGate,gtsrb,resnet50,0.725,0.0001,0.0,0.000399,0.5625,0.006748,0.000342,0.016921,0.701389,1957.0,0.7,10027.0,48.0,0.9852,1.0,0.9764
DPGate,gtsrb,resnet50,0.75,3.3e-05,0.0,0.000166,0.527778,0.006748,0.000342,0.016921,0.701389,1957.0,0.7,10027.0,48.0,0.9951,1.0,0.9902
DPGate,gtsrb,resnet50,0.775,0.0,0.0,0.0,0.486111,0.006748,0.000342,0.016921,0.701389,1957.0,0.7,10027.0,48.0,1.0,1.0,1.0
DPGate,gtsrb,resnet50,0.8,0.0,0.0,0.0,0.444444,0.006748,0.000342,0.016921,0.701389,1957.0,0.7,10027.0,48.0,1.0,1.0,1.0
DPGate,gtsrb,resnet50,0.825,0.0,0.0,0.0,0.395833,0.006748,0.000342,0.016921,0.701389,1957.0,0.7,10027.0,48.0,1.0,1.0,1.0
DPGate,gtsrb,resnet50,0.85,0.0,0.0,0.0,0.340278,0.006748,0.000342,0.016921,0.701389,1957.0,0.7,10027.0,48.0,1.0,1.0,1.0
DPGate,gtsrb,resnet50,0.875,0.0,0.0,0.0,0.284722,0.006748,0.000342,0.016921,0.701389,1957.0,0.7,10027.0,48.0,1.0,1.0,1.0
DPGate,gtsrb,resnet50,0.9,0.0,0.0,0.0,0.229167,0.006748,0.000342,0.016921,0.701389,1957.0,0.7,10027.0,48.0,1.0,1.0,1.0
DPGate,gtsrb,resnet50,0.925,0.0,0.0,0.0,0.180556,0.006748,0.000342,0.016921,0.701389,1957.0,0.7,10027.0,48.0,1.0,1.0,1.0
DPGate,gtsrb,resnet50,0.95,0.0,0.0,0.0,0.125,0.006748,0.000342,0.016921,0.701389,1957.0,0.7,10027.0,48.0,1.0,1.0,1.0
DPGate,gtsrb,resnet50,0.975,0.0,0.0,0.0,0.069444,0.006748,0.000342,0.016921,0.701389,1957.0,0.7,10027.0,48.0,1.0,1.0,1.0
DPGate,gtsrb,resnet50,1.0,0.0,0.0,0.0,0.0,0.006748,0.000342,0.016921,0.701389,1957.0,0.7,10027.0,48.0,1.0,1.0,1.0
DPGate,lisa_signs,densenet121,0.0,0.004752,0.00995,0.025167,0.411765,0.004752,0.00995,0.025167,0.411765,735.7,7.3,1894.0,17.0,0.0,0.0,0.0
DPGate,lisa_signs,densenet121,0.01,0.004224,0.00859,0.021999,0.411765,0.004752,0.00995,0.025167,0.411765,735.7,7.3,1894.0,17.0,0.1111,0.1366,0.1259
DPGate,lisa_signs,densenet121,0.02,0.004224,0.00859,0.021999,0.411765,0.004752,0.00995,0.025167,0.411765,735.7,7.3,1894.0,17.0,0.1111,0.1366,0.1259
DPGate,lisa_signs,densenet121,0.03,0.004224,0.00859,0.021999,0.411765,0.004752,0.00995,0.025167,0.411765,735.7,7.3,1894.0,17.0,0.1111,0.1366,0.1259
DPGate,lisa_signs,densenet121,0.04,0.004224,0.00859,0.021999,0.411765,0.004752,0.00995,0.025167,0.411765,735.7,7.3,1894.0,17.0,0.1111,0.1366,0.1259
DPGate,lisa_signs,densenet121,0.05,0.003872,0.007691,0.019887,0.411765,0.004752,0.00995,0.025167,0.411765,735.7,7.3,1894.0,17.0,0.1852,0.227,0.2098
DPGate,lisa_signs,densenet121,0.06,0.003872,0.007691,0.019887,0.411765,0.004752,0.00995,0.025167,0.411765,735.7,7.3,1894.0,17.0,0.1852,0.227,0.2098
DPGate,lisa_signs,densenet121,0.07,0.003872,0.007691,0.019887,0.411765,0.004752,0.00995,0.025167,0.411765,735.7,7.3,1894.0,17.0,0.1852,0.227,0.2098
DPGate,lisa_signs,densenet121,0.08,0.003872,0.007691,0.019887,0.411765,0.004752,0.00995,0.025167,0.411765,735.7,7.3,1894.0,17.0,0.1852,0.227,0.2098
DPGate,lisa_signs,densenet121,0.09,0.003696,0.007237,0.018831,0.411765,0.004752,0.00995,0.025167,0.411765,735.7,7.3,1894.0,17.0,0.2222,0.2726,0.2517
DPGate,lisa_signs,densenet121,0.1,0.00352,0.006792,0.017775,0.411765,0.004752,0.00995,0.025167,0.411765,735.7,7.3,1894.0,17.0,0.2593,0.3174,0.2937
DPGate,lisa_signs,densenet121,0.11,0.00352,0.006792,0.017775,0.411765,0.004752,0.00995,0.025167,0.411765,735.7,7.3,1894.0,17.0,0.2593,0.3174,0.2937
DPGate,lisa_signs,densenet121,0.12,0.00352,0.006792,0.017775,0.411765,0.004752,0.00995,0.025167,0.411765,735.7,7.3,1894.0,17.0,0.2593,0.3174,0.2937
DPGate,lisa_signs,densenet121,0.13,0.00352,0.006792,0.017775,0.411765,0.004752,0.00995,0.025167,0.411765,735.7,7.3,1894.0,17.0,0.2593,0.3174,0.2937
DPGate,lisa_signs,densenet121,0.14,0.003344,0.006338,0.016719,0.392157,0.004752,0.00995,0.025167,0.411765,735.7,7.3,1894.0,17.0,0.2963,0.363,0.3357
DPGate,lisa_signs,densenet121,0.15,0.003168,0.005893,0.015663,0.392157,0.004752,0.00995,0.025167,0.411765,735.7,7.3,1894.0,17.0,0.3333,0.4078,0.3776
DPGate,lisa_signs,densenet121,0.16,0.003168,0.005893,0.015663,0.392157,0.004752,0.00995,0.025167,0.411765,735.7,7.3,1894.0,17.0,0.3333,0.4078,0.3776
DPGate,lisa_signs,densenet121,0.17,0.003168,0.005893,0.015663,0.392157,0.004752,0.00995,0.025167,0.411765,735.7,7.3,1894.0,17.0,0.3333,0.4078,0.3776
DPGate,lisa_signs,densenet121,0.18,0.002992,0.005439,0.014608,0.392157,0.004752,0.00995,0.025167,0.411765,735.7,7.3,1894.0,17.0,0.3704,0.4533,0.4196
DPGate,lisa_signs,densenet121,0.19,0.002992,0.005439,0.014608,0.392157,0.004752,0.00995,0.025167,0.411765,735.7,7.3,1894.0,17.0,0.3704,0.4533,0.4196
DPGate,lisa_signs,densenet121,0.2,0.00264,0.004979,0.013024,0.392157,0.004752,0.00995,0.025167,0.411765,735.7,7.3,1894.0,17.0,0.4444,0.4996,0.4825
DPGate,lisa_signs,densenet121,0.21,0.00264,0.004979,0.013024,0.392157,0.004752,0.00995,0.025167,0.411765,735.7,7.3,1894.0,17.0,0.4444,0.4996,0.4825
DPGate,lisa_signs,densenet121,0.22,0.002464,0.004525,0.011968,0.392157,0.004752,0.00995,0.025167,0.411765,735.7,7.3,1894.0,17.0,0.4815,0.5452,0.5245
DPGate,lisa_signs,densenet121,0.23,0.002464,0.004525,0.011968,0.392157,0.004752,0.00995,0.025167,0.411765,735.7,7.3,1894.0,17.0,0.4815,0.5452,0.5245
DPGate,lisa_signs,densenet121,0.24,0.002464,0.004525,0.011968,0.392157,0.004752,0.00995,0.025167,0.411765,735.7,7.3,1894.0,17.0,0.4815,0.5452,0.5245
DPGate,lisa_signs,densenet121,0.25,0.002288,0.004525,0.01144,0.392157,0.004752,0.00995,0.025167,0.411765,735.7,7.3,1894.0,17.0,0.5185,0.5452,0.5455
DPGate,lisa_signs,densenet121,0.26,0.002288,0.004525,0.01144,0.392157,0.004752,0.00995,0.025167,0.411765,735.7,7.3,1894.0,17.0,0.5185,0.5452,0.5455
DPGate,lisa_signs,densenet121,0.27,0.002112,0.004072,0.010384,0.392157,0.004752,0.00995,0.025167,0.411765,735.7,7.3,1894.0,17.0,0.5556,0.5908,0.5874
DPGate,lisa_signs,densenet121,0.28,0.002112,0.004072,0.010384,0.392157,0.004752,0.00995,0.025167,0.411765,735.7,7.3,1894.0,17.0,0.5556,0.5908,0.5874
DPGate,lisa_signs,densenet121,0.29,0.002112,0.004072,0.010384,0.392157,0.004752,0.00995,0.025167,0.411765,735.7,7.3,1894.0,17.0,0.5556,0.5908,0.5874
DPGate,lisa_signs,densenet121,0.3,0.002112,0.004072,0.010384,0.392157,0.004752,0.00995,0.025167,0.411765,735.7,7.3,1894.0,17.0,0.5556,0.5908,0.5874
DPGate,lisa_signs,densenet121,0.325,0.001936,0.003618,0.009328,0.392157,0.004752,0.00995,0.025167,0.411765,735.7,7.3,1894.0,17.0,0.5926,0.6363,0.6294
DPGate,lisa_signs,densenet121,0.35,0.001584,0.002719,0.007216,0.372549,0.004752,0.00995,0.025167,0.411765,735.7,7.3,1894.0,17.0,0.6667,0.7267,0.7133
DPGate,lisa_signs,densenet121,0.375,0.001584,0.002719,0.007216,0.372549,0.004752,0.00995,0.025167,0.411765,735.7,7.3,1894.0,17.0,0.6667,0.7267,0.7133
DPGate,lisa_signs,densenet121,0.4,0.001232,0.002719,0.006512,0.372549,0.004752,0.00995,0.025167,0.411765,735.7,7.3,1894.0,17.0,0.7407,0.7267,0.7413
DPGate,lisa_signs,densenet121,0.425,0.001232,0.002719,0.006512,0.372549,0.004752,0.00995,0.025167,0.411765,735.7,7.3,1894.0,17.0,0.7407,0.7267,0.7413
DPGate,lisa_signs,densenet121,0.45,0.001056,0.002266,0.005456,0.372549,0.004752,0.00995,0.025167,0.411765,735.7,7.3,1894.0,17.0,0.7778,0.7723,0.7832
DPGate,lisa_signs,densenet121,0.475,0.00088,0.001805,0.0044,0.372549,0.004752,0.00995,0.025167,0.411765,735.7,7.3,1894.0,17.0,0.8148,0.8186,0.8252
DPGate,lisa_signs,densenet121,0.5,0.000704,0.00136,0.003344,0.352941,0.004752,0.00995,0.025167,0.411765,735.7,7.3,1894.0,17.0,0.8519,0.8634,0.8671
DPGate,lisa_signs,densenet121,0.525,0.000704,0.00136,0.003344,0.352941,0.004752,0.00995,0.025167,0.411765,735.7,7.3,1894.0,17.0,0.8519,0.8634,0.8671
DPGate,lisa_signs,densenet121,0.55,0.000528,0.000914,0.002288,0.352941,0.004752,0.00995,0.025167,0.411765,735.7,7.3,1894.0,17.0,0.8889,0.9081,0.9091
DPGate,lisa_signs,densenet121,0.575,0.000528,0.000914,0.002288,0.352941,0.004752,0.00995,0.025167,0.411765,735.7,7.3,1894.0,17.0,0.8889,0.9081,0.9091
DPGate,lisa_signs,densenet121,0.6,0.000528,0.000914,0.002288,0.333333,0.004752,0.00995,0.025167,0.411765,735.7,7.3,1894.0,17.0,0.8889,0.9081,0.9091
DPGate,lisa_signs,densenet121,0.625,0.000352,0.00046,0.001232,0.333333,0.004752,0.00995,0.025167,0.411765,735.7,7.3,1894.0,17.0,0.9259,0.9537,0.951
DPGate,lisa_signs,densenet121,0.65,0.000352,0.00046,0.001232,0.313725,0.004752,0.00995,0.025167,0.411765,735.7,7.3,1894.0,17.0,0.9259,0.9537,0.951
DPGate,lisa_signs,densenet121,0.675,0.000176,0.00046,0.001056,0.294118,0.004752,0.00995,0.025167,0.411765,735.7,7.3,1894.0,17.0,0.963,0.9537,0.958
DPGate,lisa_signs,densenet121,0.7,0.000176,0.00046,0.001056,0.27451,0.004752,0.00995,0.025167,0.411765,735.7,7.3,1894.0,17.0,0.963,0.9537,0.958
DPGate,lisa_signs,densenet121,0.725,0.000176,0.00046,0.001056,0.27451,0.004752,0.00995,0.025167,0.411765,735.7,7.3,1894.0,17.0,0.963,0.9537,0.958
DPGate,lisa_signs,densenet121,0.75,0.0,0.0,0.0,0.254902,0.004752,0.00995,0.025167,0.411765,735.7,7.3,1894.0,17.0,1.0,1.0,1.0
DPGate,lisa_signs,densenet121,0.775,0.0,0.0,0.0,0.254902,0.004752,0.00995,0.025167,0.411765,735.7,7.3,1894.0,17.0,1.0,1.0,1.0
DPGate,lisa_signs,densenet121,0.8,0.0,0.0,0.0,0.215686,0.004752,0.00995,0.025167,0.411765,735.7,7.3,1894.0,17.0,1.0,1.0,1.0
DPGate,lisa_signs,densenet121,0.825,0.0,0.0,0.0,0.215686,0.004752,0.00995,0.025167,0.411765,735.7,7.3,1894.0,17.0,1.0,1.0,1.0
DPGate,lisa_signs,densenet121,0.85,0.0,0.0,0.0,0.196078,0.004752,0.00995,0.025167,0.411765,735.7,7.3,1894.0,17.0,1.0,1.0,1.0
DPGate,lisa_signs,densenet121,0.875,0.0,0.0,0.0,0.156863,0.004752,0.00995,0.025167,0.411765,735.7,7.3,1894.0,17.0,1.0,1.0,1.0
DPGate,lisa_signs,densenet121,0.9,0.0,0.0,0.0,0.137255,0.004752,0.00995,0.025167,0.411765,735.7,7.3,1894.0,17.0,1.0,1.0,1.0
DPGate,lisa_signs,densenet121,0.925,0.0,0.0,0.0,0.117647,0.004752,0.00995,0.025167,0.411765,735.7,7.3,1894.0,17.0,1.0,1.0,1.0
DPGate,lisa_signs,densenet121,0.95,0.0,0.0,0.0,0.078431,0.004752,0.00995,0.025167,0.411765,735.7,7.3,1894.0,17.0,1.0,1.0,1.0
DPGate,lisa_signs,densenet121,0.975,0.0,0.0,0.0,0.058824,0.004752,0.00995,0.025167,0.411765,735.7,7.3,1894.0,17.0,1.0,1.0,1.0
DPGate,lisa_signs,densenet121,1.0,0.0,0.0,0.0,0.0,0.004752,0.00995,0.025167,0.411765,735.7,7.3,1894.0,17.0,1.0,1.0,1.0
DPGate,lisa_signs,resnet50,0.0,0.005716,0.008947,0.025545,0.539216,0.005716,0.008947,0.025545,0.539216,708.7,6.3,1866.0,34.0,0.0,0.0,0.0
DPGate,lisa_signs,resnet50,0.01,0.00518,0.007536,0.022329,0.539216,0.005716,0.008947,0.025545,0.539216,708.7,6.3,1866.0,34.0,0.0937,0.1577,0.1259
DPGate,lisa_signs,resnet50,0.02,0.00518,0.007536,0.022329,0.539216,0.005716,0.008947,0.025545,0.539216,708.7,6.3,1866.0,34.0,0.0937,0.1577,0.1259
DPGate,lisa_signs,resnet50,0.03,0.005002,0.007536,0.021793,0.529412,0.005716,0.008947,0.025545,0.539216,708.7,6.3,1866.0,34.0,0.125,0.1577,0.1469
DPGate,lisa_signs,resnet50,0.04,0.004823,0.007067,0.020722,0.529412,0.005716,0.008947,0.025545,0.539216,708.7,6.3,1866.0,34.0,0.1563,0.2101,0.1888
DPGate,lisa_signs,resnet50,0.05,0.004823,0.007067,0.020722,0.529412,0.005716,0.008947,0.025545,0.539216,708.7,6.3,1866.0,34.0,0.1563,0.2101,0.1888
DPGate,lisa_signs,resnet50,0.06,0.004466,0.006593,0.019471,0.529412,0.005716,0.008947,0.025545,0.539216,708.7,6.3,1866.0,34.0,0.2187,0.2631,0.2378
DPGate,lisa_signs,resnet50,0.07,0.004466,0.006593,0.019471,0.529412,0.005716,0.008947,0.025545,0.539216,708.7,6.3,1866.0,34.0,0.2187,0.2631,0.2378
DPGate,lisa_signs,resnet50,0.08,0.004109,0.00565,0.017328,0.529412,0.005716,0.008947,0.025545,0.539216,708.7,6.3,1866.0,34.0,0.2812,0.3685,0.3217
DPGate,lisa_signs,resnet50,0.09,0.004109,0.00565,0.017328,0.529412,0.005716,0.008947,0.025545,0.539216,708.7,6.3,1866.0,34.0,0.2812,0.3685,0.3217
DPGate,lisa_signs,resnet50,0.1,0.004109,0.00565,0.017328,0.529412,0.005716,0.008947,0.025545,0.539216,708.7,6.3,1866.0,34.0,0.2812,0.3685,0.3217
DPGate,lisa_signs,resnet50,0.11,0.00393,0.005176,0.016256,0.529412,0.005716,0.008947,0.025545,0.539216,708.7,6.3,1866.0,34.0,0.3125,0.4215,0.3636
DPGate,lisa_signs,resnet50,0.12,0.003573,0.004708,0.014648,0.529412,0.005716,0.008947,0.025545,0.539216,708.7,6.3,1866.0,34.0,0.375,0.4738,0.4266
DPGate,lisa_signs,resnet50,0.13,0.003573,0.004708,0.014648,0.529412,0.005716,0.008947,0.025545,0.539216,708.7,6.3,1866.0,34.0,0.375,0.4738,0.4266
DPGate,lisa_signs,resnet50,0.14,0.003394,0.004708,0.014112,0.529412,0.005716,0.008947,0.025545,0.539216,708.7,6.3,1866.0,34.0,0.4062,0.4738,0.4476
DPGate,lisa_signs,resnet50,0.15,0.003394,0.004708,0.014112,0.519608,0.005716,0.008947,0.025545,0.539216,708.7,6.3,1866.0,34.0,0.4062,0.4738,0.4476
DPGate,lisa_signs,resnet50,0.16,0.003215,0.004239,0.01304,0.519608,0.005716,0.008947,0.025545,0.539216,708.7,6.3,1866.0,34.0,0.4375,0.5262,0.4895
DPGate,lisa_signs,resnet50,0.17,0.003215,0.004239,0.01304,0.519608,0.005716,0.008947,0.025545,0.539216,708.7,6.3,1866.0,34.0,0.4375,0.5262,0.4895
DPGate,lisa_signs,resnet50,0.18,0.003037,0.003771,0.011969,0.519608,0.005716,0.008947,0.025545,0.539216,708.7,6.3,1866.0,34.0,0.4687,0.5786,0.5315
DPGate,lisa_signs,resnet50,0.19,0.003037,0.003771,0.011969,0.519608,0.005716,0.008947,0.025545,0.539216,708.7,6.3,1866.0,34.0,0.4687,0.5786,0.5315
DPGate,lisa_signs,resnet50,0.2,0.002858,0.003771,0.01179,0.519608,0.005716,0.008947,0.025545,0.539216,708.7,6.3,1866.0,34.0,0.5,0.5786,0.5385
DPGate,lisa_signs,resnet50,0.21,0.002858,0.003771,0.01179,0.519608,0.005716,0.008947,0.025545,0.539216,708.7,6.3,1866.0,34.0,0.5,0.5786,0.5385
DPGate,lisa_signs,resnet50,0.22,0.002858,0.003771,0.01179,0.519608,0.005716,0.008947,0.025545,0.539216,708.7,6.3,1866.0,34.0,0.5,0.5786,0.5385
DPGate,lisa_signs,resnet50,0.23,0.00268,0.003771,0.011611,0.519608,0.005716,0.008947,0.025545,0.539216,708.7,6.3,1866.0,34.0,0.5312,0.5786,0.5455
DPGate,lisa_signs,resnet50,0.24,0.00268,0.003771,0.011611,0.5,0.005716,0.008947,0.025545,0.539216,708.7,6.3,1866.0,34.0,0.5312,0.5786,0.5455
DPGate,lisa_signs,resnet50,0.25,0.00268,0.003771,0.011611,0.5,0.005716,0.008947,0.025545,0.539216,708.7,6.3,1866.0,34.0,0.5312,0.5786,0.5455
DPGate,lisa_signs,resnet50,0.26,0.002501,0.003302,0.010539,0.5,0.005716,0.008947,0.025545,0.539216,708.7,6.3,1866.0,34.0,0.5625,0.6309,0.5874
DPGate,lisa_signs,resnet50,0.27,0.002144,0.002359,0.008396,0.5,0.005716,0.008947,0.025545,0.539216,708.7,6.3,1866.0,34.0,0.625,0.7363,0.6713
DPGate,lisa_signs,resnet50,0.28,0.002144,0.002359,0.008396,0.5,0.005716,0.008947,0.025545,0.539216,708.7,6.3,1866.0,34.0,0.625,0.7363,0.6713
DPGate,lisa_signs,resnet50,0.29,0.001965,0.002359,0.00786,0.490196,0.005716,0.008947,0.025545,0.539216,708.7,6.3,1866.0,34.0,0.6562,0.7363,0.6923
DPGate,lisa_signs,resnet50,0.3,0.001965,0.002359,0.00786,0.490196,0.005716,0.008947,0.025545,0.539216,708.7,6.3,1866.0,34.0,0.6562,0.7363,0.6923
DPGate,lisa_signs,resnet50,0.325,0.001965,0.002359,0.00786,0.470588,0.005716,0.008947,0.025545,0.539216,708.7,6.3,1866.0,34.0,0.6562,0.7363,0.6923
DPGate,lisa_signs,resnet50,0.35,0.001786,0.002359,0.007681,0.470588,0.005716,0.008947,0.025545,0.539216,708.7,6.3,1866.0,34.0,0.6875,0.7363,0.6993
DPGate,lisa_signs,resnet50,0.375,0.001429,0.001885,0.005716,0.470588,0.005716,0.008947,0.025545,0.539216,708.7,6.3,1866.0,34.0,0.75,0.7893,0.7762
DPGate,lisa_signs,resnet50,0.4,0.000893,0.000942,0.003394,0.470588,0.005716,0.008947,0.025545,0.539216,708.7,6.3,1866.0,34.0,0.8438,0.8947,0.8671
DPGate,lisa_signs,resnet50,0.425,0.000893,0.000942,0.003394,0.45098,0.005716,0.008947,0.025545,0.539216,708.7,6.3,1866.0,34.0,0.8438,0.8947,0.8671
DPGate,lisa_signs,resnet50,0.45,0.000893,0.000942,0.003394,0.441176,0.005716,0.008947,0.025545,0.539216,708.7,6.3,1866.0,34.0,0.8438,0.8947,0.8671
DPGate,lisa_signs,resnet50,0.475,0.000715,0.000474,0.002322,0.421569,0.005716,0.008947,0.025545,0.539216,708.7,6.3,1866.0,34.0,0.875,0.947,0.9091
DPGate,lisa_signs,resnet50,0.5,0.000536,0.000474,0.002144,0.401961,0.005716,0.008947,0.025545,0.539216,708.7,6.3,1866.0,34.0,0.9063,0.947,0.9161
DPGate,lisa_signs,resnet50,0.525,0.000536,0.000474,0.002144,0.392157,0.005716,0.008947,0.025545,0.539216,708.7,6.3,1866.0,34.0,0.9063,0.947,0.9161
DPGate,lisa_signs,resnet50,0.55,0.000357,0.000474,0.001965,0.372549,0.005716,0.008947,0.025545,0.539216,708.7,6.3,1866.0,34.0,0.9375,0.947,0.9231
DPGate,lisa_signs,resnet50,0.575,0.000357,0.000474,0.001965,0.372549,0.005716,0.008947,0.025545,0.539216,708.7,6.3,1866.0,34.0,0.9375,0.947,0.9231
DPGate,lisa_signs,resnet50,0.6,0.000179,0.0,0.000893,0.352941,0.005716,0.008947,0.025545,0.539216,708.7,6.3,1866.0,34.0,0.9688,1.0,0.965
DPGate,lisa_signs,resnet50,0.625,0.000179,0.0,0.000893,0.343137,0.005716,0.008947,0.025545,0.539216,708.7,6.3,1866.0,34.0,0.9688,1.0,0.965
DPGate,lisa_signs,resnet50,0.65,0.000179,0.0,0.000893,0.323529,0.005716,0.008947,0.025545,0.539216,708.7,6.3,1866.0,34.0,0.9688,1.0,0.965
DPGate,lisa_signs,resnet50,0.675,0.000179,0.0,0.000893,0.294118,0.005716,0.008947,0.025545,0.539216,708.7,6.3,1866.0,34.0,0.9688,1.0,0.965
DPGate,lisa_signs,resnet50,0.7,0.000179,0.0,0.000893,0.264706,0.005716,0.008947,0.025545,0.539216,708.7,6.3,1866.0,34.0,0.9688,1.0,0.965
DPGate,lisa_signs,resnet50,0.725,0.000179,0.0,0.000893,0.245098,0.005716,0.008947,0.025545,0.539216,708.7,6.3,1866.0,34.0,0.9688,1.0,0.965
DPGate,lisa_signs,resnet50,0.75,0.000179,0.0,0.000893,0.22549,0.005716,0.008947,0.025545,0.539216,708.7,6.3,1866.0,34.0,0.9688,1.0,0.965
DPGate,lisa_signs,resnet50,0.775,0.000179,0.0,0.000893,0.196078,0.005716,0.008947,0.025545,0.539216,708.7,6.3,1866.0,34.0,0.9688,1.0,0.965
DPGate,lisa_signs,resnet50,0.8,0.000179,0.0,0.000893,0.176471,0.005716,0.008947,0.025545,0.539216,708.7,6.3,1866.0,34.0,0.9688,1.0,0.965
DPGate,lisa_signs,resnet50,0.825,0.000179,0.0,0.000893,0.156863,0.005716,0.008947,0.025545,0.539216,708.7,6.3,1866.0,34.0,0.9688,1.0,0.965
DPGate,lisa_signs,resnet50,0.85,0.0,0.0,0.0,0.137255,0.005716,0.008947,0.025545,0.539216,708.7,6.3,1866.0,34.0,1.0,1.0,1.0
DPGate,lisa_signs,resnet50,0.875,0.0,0.0,0.0,0.117647,0.005716,0.008947,0.025545,0.539216,708.7,6.3,1866.0,34.0,1.0,1.0,1.0
DPGate,lisa_signs,resnet50,0.9,0.0,0.0,0.0,0.088235,0.005716,0.008947,0.025545,0.539216,708.7,6.3,1866.0,34.0,1.0,1.0,1.0
DPGate,lisa_signs,resnet50,0.925,0.0,0.0,0.0,0.068627,0.005716,0.008947,0.025545,0.539216,708.7,6.3,1866.0,34.0,1.0,1.0,1.0
DPGate,lisa_signs,resnet50,0.95,0.0,0.0,0.0,0.04902,0.005716,0.008947,0.025545,0.539216,708.7,6.3,1866.0,34.0,1.0,1.0,1.0
DPGate,lisa_signs,resnet50,0.975,0.0,0.0,0.0,0.019608,0.005716,0.008947,0.025545,0.539216,708.7,6.3,1866.0,34.0,1.0,1.0,1.0
DPGate,lisa_signs,resnet50,1.0,0.0,0.0,0.0,0.0,0.005716,0.008947,0.025545,0.539216,708.7,6.3,1866.0,34.0,1.0,1.0,1.0
DPGate,tt100k_signs,densenet121,0.0,0.012951,0.00458,0.026508,0.521368,0.012951,0.00458,0.026508,0.521368,4075.0,18.7,7155.0,312.0,0.0,0.0,0.0
DPGate,tt100k_signs,densenet121,0.01,0.012532,0.004498,0.025856,0.521368,0.012951,0.00458,0.026508,0.521368,4075.0,18.7,7155.0,312.0,0.0324,0.018,0.0246
DPGate,tt100k_signs,densenet121,0.02,0.012113,0.004416,0.025204,0.521368,0.012951,0.00458,0.026508,0.521368,4075.0,18.7,7155.0,312.0,0.0647,0.0358,0.0492
DPGate,tt100k_signs,densenet121,0.03,0.011693,0.004171,0.024086,0.521368,0.012951,0.00458,0.026508,0.521368,4075.0,18.7,7155.0,312.0,0.0971,0.0893,0.0914
DPGate,tt100k_signs,densenet121,0.04,0.011274,0.004088,0.023433,0.521368,0.012951,0.00458,0.026508,0.521368,4075.0,18.7,7155.0,312.0,0.1295,0.1073,0.116
DPGate,tt100k_signs,densenet121,0.05,0.010948,0.003925,0.022642,0.521368,0.012951,0.00458,0.026508,0.521368,4075.0,18.7,7155.0,312.0,0.1547,0.1429,0.1459
DPGate,tt100k_signs,densenet121,0.06,0.010529,0.003844,0.021989,0.521368,0.012951,0.00458,0.026508,0.521368,4075.0,18.7,7155.0,312.0,0.1871,0.1607,0.1705
DPGate,tt100k_signs,densenet121,0.07,0.010109,0.003762,0.021337,0.521368,0.012951,0.00458,0.026508,0.521368,4075.0,18.7,7155.0,312.0,0.2194,0.1785,0.1951
DPGate,tt100k_signs,densenet121,0.08,0.00969,0.003762,0.020918,0.521368,0.012951,0.00458,0.026508,0.521368,4075.0,18.7,7155.0,312.0,0.2518,0.1785,0.2109
DPGate,tt100k_signs,densenet121,0.09,0.009317,0.003599,0.020079,0.521368,0.012951,0.00458,0.026508,0.521368,4075.0,18.7,7155.0,312.0,0.2806,0.2143,0.2425
DPGate,tt100k_signs,densenet121,0.1,0.008945,0.003517,0.019474,0.521368,0.012951,0.00458,0.026508,0.521368,4075.0,18.7,7155.0,312.0,0.3094,0.2321,0.2654
DPGate,tt100k_signs,densenet121,0.11,0.008526,0.003271,0.018355,0.521368,0.012951,0.00458,0.026508,0.521368,4075.0,18.7,7155.0,312.0,0.3417,0.2859,0.3076
DPGate,tt100k_signs,densenet121,0.12,0.008106,0.003189,0.017703,0.521368,0.012951,0.00458,0.026508,0.521368,4075.0,18.7,7155.0,312.0,0.3741,0.3036,0.3322
DPGate,tt100k_signs,densenet121,0.13,0.007687,0.003107,0.017051,0.521368,0.012951,0.00458,0.026508,0.521368,4075.0,18.7,7155.0,312.0,0.4065,0.3216,0.3568
DPGate,tt100k_signs,densenet121,0.14,0.007314,0.003025,0.016352,0.521368,0.012951,0.00458,0.026508,0.521368,4075.0,18.7,7155.0,312.0,0.4353,0.3396,0.3831
DPGate,tt100k_signs,densenet121,0.15,0.006988,0.002943,0.015793,0.521368,0.012951,0.00458,0.026508,0.521368,4075.0,18.7,7155.0,312.0,0.4604,0.3574,0.4042
DPGate,tt100k_signs,densenet121,0.16,0.006569,0.002943,0.015374,0.521368,0.012951,0.00458,0.026508,0.521368,4075.0,18.7,7155.0,312.0,0.4928,0.3574,0.42
DPGate,tt100k_signs,densenet121,0.17,0.00615,0.002862,0.014722,0.521368,0.012951,0.00458,0.026508,0.521368,4075.0,18.7,7155.0,312.0,0.5252,0.3752,0.4446
DPGate,tt100k_signs,densenet121,0.18,0.005777,0.002779,0.014116,0.521368,0.012951,0.00458,0.026508,0.521368,4075.0,18.7,7155.0,312.0,0.554,0.3932,0.4675
DPGate,tt100k_signs,densenet121,0.19,0.005358,0.002698,0.013464,0.521368,0.012951,0.00458,0.026508,0.521368,4075.0,18.7,7155.0,312.0,0.5863,0.411,0.4921
DPGate,tt100k_signs,densenet121,0.2,0.004985,0.002698,0.013091,0.521368,0.012951,0.00458,0.026508,0.521368,4075.0,18.7,7155.0,312.0,0.6151,0.411,0.5062
DPGate,tt100k_signs,densenet121,0.21,0.004566,0.002616,0.012439,0.521368,0.012951,0.00458,0.026508,0.521368,4075.0,18.7,7155.0,312.0,0.6475,0.4288,0.5308
DPGate,tt100k_signs,densenet121,0.22,0.004193,0.002371,0.011367,0.521368,0.012951,0.00458,0.026508,0.521368,4075.0,18.7,7155.0,312.0,0.6763,0.4824,0.5712
DPGate,tt100k_signs,densenet121,0.23,0.003774,0.002206,0.010482,0.521368,0.012951,0.00458,0.026508,0.521368,4075.0,18.7,7155.0,312.0,0.7086,0.5184,0.6046
DPGate,tt100k_signs,densenet121,0.24,0.003401,0.002041,0.009644,0.521368,0.012951,0.00458,0.026508,0.521368,4075.0,18.7,7155.0,312.0,0.7374,0.5543,0.6362
DPGate,tt100k_signs,densenet121,0.25,0.002982,0.00196,0.008991,0.521368,0.012951,0.00458,0.026508,0.521368,4075.0,18.7,7155.0,312.0,0.7698,0.5721,0.6608
DPGate,tt100k_signs,densenet121,0.26,0.002562,0.001795,0.008106,0.521368,0.012951,0.00458,0.026508,0.521368,4075.0,18.7,7155.0,312.0,0.8022,0.6081,0.6942
DPGate,tt100k_signs,densenet121,0.27,0.00219,0.001713,0.007454,0.521368,0.012951,0.00458,0.026508,0.521368,4075.0,18.7,7155.0,312.0,0.8309,0.6259,0.7188
DPGate,tt100k_signs,densenet121,0.28,0.001817,0.00155,0.006522,0.521368,0.012951,0.00458,0.026508,0.521368,4075.0,18.7,7155.0,312.0,0.8597,0.6615,0.754
DPGate,tt100k_signs,densenet121,0.29,0.001584,0.001386,0.00573,0.521368,0.012951,0.00458,0.026508,0.521368,4075.0,18.7,7155.0,312.0,0.8777,0.6973,0.7838
DPGate,tt100k_signs,densenet121,0.3,0.001398,0.001223,0.005078,0.520299,0.012951,0.00458,0.026508,0.521368,4075.0,18.7,7155.0,312.0,0.8921,0.7329,0.8084
DPGate,tt100k_signs,densenet121,0.325,0.000885,0.000897,0.003447,0.518162,0.012951,0.00458,0.026508,0.521368,4075.0,18.7,7155.0,312.0,0.9317,0.8041,0.8699
DPGate,tt100k_signs,densenet121,0.35,0.000512,0.00057,0.002143,0.510684,0.012951,0.00458,0.026508,0.521368,4075.0,18.7,7155.0,312.0,0.9604,0.8755,0.9192
DPGate,tt100k_signs,densenet121,0.375,0.000419,0.000489,0.001817,0.50641,0.012951,0.00458,0.026508,0.521368,4075.0,18.7,7155.0,312.0,0.9676,0.8932,0.9315
DPGate,tt100k_signs,densenet121,0.4,0.000233,0.000163,0.000699,0.494658,0.012951,0.00458,0.026508,0.521368,4075.0,18.7,7155.0,312.0,0.982,0.9644,0.9736
DPGate,tt100k_signs,densenet121,0.425,0.000233,0.000163,0.000699,0.480769,0.012951,0.00458,0.026508,0.521368,4075.0,18.7,7155.0,312.0,0.982,0.9644,0.9736
DPGate,tt100k_signs,densenet121,0.45,0.000233,0.000163,0.000699,0.462607,0.012951,0.00458,0.026508,0.521368,4075.0,18.7,7155.0,312.0,0.982,0.9644,0.9736
DPGate,tt100k_signs,densenet121,0.475,0.000233,0.000163,0.000699,0.445513,0.012951,0.00458,0.026508,0.521368,4075.0,18.7,7155.0,312.0,0.982,0.9644,0.9736
DPGate,tt100k_signs,densenet121,0.5,0.000233,0.000163,0.000699,0.426282,0.012951,0.00458,0.026508,0.521368,4075.0,18.7,7155.0,312.0,0.982,0.9644,0.9736
DPGate,tt100k_signs,densenet121,0.525,0.000186,0.000163,0.000652,0.409188,0.012951,0.00458,0.026508,0.521368,4075.0,18.7,7155.0,312.0,0.9856,0.9644,0.9754
DPGate,tt100k_signs,densenet121,0.55,0.00014,0.000163,0.000606,0.392094,0.012951,0.00458,0.026508,0.521368,4075.0,18.7,7155.0,312.0,0.9892,0.9644,0.9772
DPGate,tt100k_signs,densenet121,0.575,9.3e-05,8.1e-05,0.000326,0.372863,0.012951,0.00458,0.026508,0.521368,4075.0,18.7,7155.0,312.0,0.9928,0.9822,0.9877
DPGate,tt100k_signs,densenet121,0.6,4.7e-05,0.0,4.7e-05,0.354701,0.012951,0.00458,0.026508,0.521368,4075.0,18.7,7155.0,312.0,0.9964,1.0,0.9982
DPGate,tt100k_signs,densenet121,0.625,4.7e-05,0.0,4.7e-05,0.332265,0.012951,0.00458,0.026508,0.521368,4075.0,18.7,7155.0,312.0,0.9964,1.0,0.9982
DPGate,tt100k_signs,densenet121,0.65,0.0,0.0,0.0,0.310897,0.012951,0.00458,0.026508,0.521368,4075.0,18.7,7155.0,312.0,1.0,1.0,1.0
DPGate,tt100k_signs,densenet121,0.675,0.0,0.0,0.0,0.28953,0.012951,0.00458,0.026508,0.521368,4075.0,18.7,7155.0,312.0,1.0,1.0,1.0
DPGate,tt100k_signs,densenet121,0.7,0.0,0.0,0.0,0.268162,0.012951,0.00458,0.026508,0.521368,4075.0,18.7,7155.0,312.0,1.0,1.0,1.0
DPGate,tt100k_signs,densenet121,0.725,0.0,0.0,0.0,0.246795,0.012951,0.00458,0.026508,0.521368,4075.0,18.7,7155.0,312.0,1.0,1.0,1.0
DPGate,tt100k_signs,densenet121,0.75,0.0,0.0,0.0,0.225427,0.012951,0.00458,0.026508,0.521368,4075.0,18.7,7155.0,312.0,1.0,1.0,1.0
DPGate,tt100k_signs,densenet121,0.775,0.0,0.0,0.0,0.201923,0.012951,0.00458,0.026508,0.521368,4075.0,18.7,7155.0,312.0,1.0,1.0,1.0
DPGate,tt100k_signs,densenet121,0.8,0.0,0.0,0.0,0.180556,0.012951,0.00458,0.026508,0.521368,4075.0,18.7,7155.0,312.0,1.0,1.0,1.0
DPGate,tt100k_signs,densenet121,0.825,0.0,0.0,0.0,0.15812,0.012951,0.00458,0.026508,0.521368,4075.0,18.7,7155.0,312.0,1.0,1.0,1.0
DPGate,tt100k_signs,densenet121,0.85,0.0,0.0,0.0,0.134615,0.012951,0.00458,0.026508,0.521368,4075.0,18.7,7155.0,312.0,1.0,1.0,1.0
DPGate,tt100k_signs,densenet121,0.875,0.0,0.0,0.0,0.112179,0.012951,0.00458,0.026508,0.521368,4075.0,18.7,7155.0,312.0,1.0,1.0,1.0
DPGate,tt100k_signs,densenet121,0.9,0.0,0.0,0.0,0.089744,0.012951,0.00458,0.026508,0.521368,4075.0,18.7,7155.0,312.0,1.0,1.0,1.0
DPGate,tt100k_signs,densenet121,0.925,0.0,0.0,0.0,0.066239,0.012951,0.00458,0.026508,0.521368,4075.0,18.7,7155.0,312.0,1.0,1.0,1.0
DPGate,tt100k_signs,densenet121,0.95,0.0,0.0,0.0,0.044872,0.012951,0.00458,0.026508,0.521368,4075.0,18.7,7155.0,312.0,1.0,1.0,1.0
DPGate,tt100k_signs,densenet121,0.975,0.0,0.0,0.0,0.023504,0.012951,0.00458,0.026508,0.521368,4075.0,18.7,7155.0,312.0,1.0,1.0,1.0
DPGate,tt100k_signs,densenet121,1.0,0.0,0.0,0.0,0.0,0.012951,0.00458,0.026508,0.521368,4075.0,18.7,7155.0,312.0,1.0,1.0,1.0
DPGate,tt100k_signs,resnet50,0.0,0.011875,0.004315,0.024257,0.386305,0.011875,0.004315,0.024257,0.386305,4092.7,17.7,7242.0,258.0,0.0,0.0,0.0
DPGate,tt100k_signs,resnet50,0.01,0.011461,0.004153,0.023382,0.386305,0.011875,0.004315,0.024257,0.386305,4092.7,17.7,7242.0,258.0,0.0349,0.0377,0.0361
DPGate,tt100k_signs,resnet50,0.02,0.011139,0.00399,0.0226,0.386305,0.011875,0.004315,0.024257,0.386305,4092.7,17.7,7242.0,258.0,0.062,0.0754,0.0683
DPGate,tt100k_signs,resnet50,0.03,0.010863,0.003908,0.022093,0.386305,0.011875,0.004315,0.024257,0.386305,4092.7,17.7,7242.0,258.0,0.0853,0.0943,0.0892
DPGate,tt100k_signs,resnet50,0.04,0.010494,0.003908,0.021725,0.386305,0.011875,0.004315,0.024257,0.386305,4092.7,17.7,7242.0,258.0,0.1163,0.0943,0.1044
DPGate,tt100k_signs,resnet50,0.05,0.010218,0.003827,0.021219,0.386305,0.011875,0.004315,0.024257,0.386305,4092.7,17.7,7242.0,258.0,0.1395,0.1132,0.1252
DPGate,tt100k_signs,resnet50,0.06,0.009896,0.003827,0.020897,0.386305,0.011875,0.004315,0.024257,0.386305,4092.7,17.7,7242.0,258.0,0.1667,0.1132,0.1385
DPGate,tt100k_signs,resnet50,0.07,0.009574,0.003746,0.020344,0.386305,0.011875,0.004315,0.024257,0.386305,4092.7,17.7,7242.0,258.0,0.1938,0.132,0.1613
DPGate,tt100k_signs,resnet50,0.08,0.009252,0.00342,0.019102,0.386305,0.011875,0.004315,0.024257,0.386305,4092.7,17.7,7242.0,258.0,0.2209,0.2074,0.2125
DPGate,tt100k_signs,resnet50,0.09,0.008929,0.00342,0.018779,0.386305,0.011875,0.004315,0.024257,0.386305,4092.7,17.7,7242.0,258.0,0.2481,0.2074,0.2258
DPGate,tt100k_signs,resnet50,0.1,0.008653,0.003258,0.018043,0.386305,0.011875,0.004315,0.024257,0.386305,4092.7,17.7,7242.0,258.0,0.2713,0.2451,0.2562
DPGate,tt100k_signs,resnet50,0.11,0.008285,0.003176,0.017445,0.386305,0.011875,0.004315,0.024257,0.386305,4092.7,17.7,7242.0,258.0,0.3023,0.2639,0.2808
DPGate,tt100k_signs,resnet50,0.12,0.007963,0.003095,0.016892,0.386305,0.011875,0.004315,0.024257,0.386305,4092.7,17.7,7242.0,258.0,0.3295,0.2828,0.3036
DPGate,tt100k_signs,resnet50,0.13,0.007641,0.003095,0.01657,0.386305,0.011875,0.004315,0.024257,0.386305,4092.7,17.7,7242.0,258.0,0.3566,0.2828,0.3169
DPGate,tt100k_signs,resnet50,0.14,0.007318,0.002932,0.015788,0.386305,0.011875,0.004315,0.024257,0.386305,4092.7,17.7,7242.0,258.0,0.3837,0.3206,0.3491
DPGate,tt100k_signs,resnet50,0.15,0.006996,0.002769,0.015005,0.386305,0.011875,0.004315,0.024257,0.386305,4092.7,17.7,7242.0,258.0,0.4109,0.3583,0.3814
DPGate,tt100k_signs,resnet50,0.16,0.006674,0.002688,0.014453,0.386305,0.011875,0.004315,0.024257,0.386305,4092.7,17.7,7242.0,258.0,0.438,0.3772,0.4042
DPGate,tt100k_signs,resnet50,0.17,0.006352,0.002688,0.014131,0.386305,0.011875,0.004315,0.024257,0.386305,4092.7,17.7,7242.0,258.0,0.4651,0.3772,0.4175
DPGate,tt100k_signs,resnet50,0.18,0.00603,0.002606,0.013578,0.386305,0.011875,0.004315,0.024257,0.386305,4092.7,17.7,7242.0,258.0,0.4922,0.3962,0.4402
DPGate,tt100k_signs,resnet50,0.19,0.005707,0.002361,0.012566,0.386305,0.011875,0.004315,0.024257,0.386305,4092.7,17.7,7242.0,258.0,0.5194,0.4528,0.482
DPGate,tt100k_signs,resnet50,0.2,0.005431,0.002361,0.012289,0.386305,0.011875,0.004315,0.024257,0.386305,4092.7,17.7,7242.0,258.0,0.5426,0.4528,0.4934
DPGate,tt100k_signs,resnet50,0.21,0.005109,0.002361,0.011967,0.386305,0.011875,0.004315,0.024257,0.386305,4092.7,17.7,7242.0,258.0,0.5698,0.4528,0.5066
DPGate,tt100k_signs,resnet50,0.22,0.004787,0.002117,0.010955,0.386305,0.011875,0.004315,0.024257,0.386305,4092.7,17.7,7242.0,258.0,0.5969,0.5094,0.5484
DPGate,tt100k_signs,resnet50,0.23,0.004465,0.002117,0.010632,0.386305,0.011875,0.004315,0.024257,0.386305,4092.7,17.7,7242.0,258.0,0.624,0.5094,0.5617
DPGate,tt100k_signs,resnet50,0.24,0.004143,0.002036,0.009988,0.386305,0.011875,0.004315,0.024257,0.386305,4092.7,17.7,7242.0,258.0,0.6512,0.5283,0.5882
DPGate,tt100k_signs,resnet50,0.25,0.003774,0.001873,0.00916,0.386305,0.011875,0.004315,0.024257,0.386305,4092.7,17.7,7242.0,258.0,0.6822,0.566,0.6224
DPGate,tt100k_signs,resnet50,0.26,0.003452,0.001792,0.008607,0.386305,0.011875,0.004315,0.024257,0.386305,4092.7,17.7,7242.0,258.0,0.7093,0.5848,0.6452
DPGate,tt100k_signs,resnet50,0.27,0.003176,0.00171,0.008101,0.386305,0.011875,0.004315,0.024257,0.386305,4092.7,17.7,7242.0,258.0,0.7326,0.6038,0.666
DPGate,tt100k_signs,resnet50,0.28,0.002854,0.001547,0.007318,0.386305,0.011875,0.004315,0.024257,0.386305,4092.7,17.7,7242.0,258.0,0.7597,0.6415,0.6983
DPGate,tt100k_signs,resnet50,0.29,0.002486,0.001466,0.00672,0.386305,0.011875,0.004315,0.024257,0.386305,4092.7,17.7,7242.0,258.0,0.7907,0.6603,0.723
DPGate,tt100k_signs,resnet50,0.3,0.002209,0.001221,0.005753,0.386305,0.011875,0.004315,0.024257,0.386305,4092.7,17.7,7242.0,258.0,0.814,0.717,0.7628
DPGate,tt100k_signs,resnet50,0.325,0.001427,0.000815,0.003728,0.386305,0.011875,0.004315,0.024257,0.386305,4092.7,17.7,7242.0,258.0,0.8798,0.8112,0.8463
DPGate,tt100k_signs,resnet50,0.35,0.000921,0.000489,0.002301,0.383721,0.011875,0.004315,0.024257,0.386305,4092.7,17.7,7242.0,258.0,0.9225,0.8868,0.9051
DPGate,tt100k_signs,resnet50,0.375,0.000368,0.000163,0.000829,0.382429,0.011875,0.004315,0.024257,0.386305,4092.7,17.7,7242.0,258.0,0.969,0.9623,0.9658
DPGate,tt100k_signs,resnet50,0.4,0.000276,8.1e-05,0.000506,0.377261,0.011875,0.004315,0.024257,0.386305,4092.7,17.7,7242.0,258.0,0.9767,0.9812,0.9791
DPGate,tt100k_signs,resnet50,0.425,0.000276,8.1e-05,0.000506,0.374677,0.011875,0.004315,0.024257,0.386305,4092.7,17.7,7242.0,258.0,0.9767,0.9812,0.9791
DPGate,tt100k_signs,resnet50,0.45,0.000276,8.1e-05,0.000506,0.370801,0.011875,0.004315,0.024257,0.386305,4092.7,17.7,7242.0,258.0,0.9767,0.9812,0.9791
DPGate,tt100k_signs,resnet50,0.475,0.00023,8.1e-05,0.00046,0.360465,0.011875,0.004315,0.024257,0.386305,4092.7,17.7,7242.0,258.0,0.9806,0.9812,0.981
DPGate,tt100k_signs,resnet50,0.5,0.00023,8.1e-05,0.00046,0.354005,0.011875,0.004315,0.024257,0.386305,4092.7,17.7,7242.0,258.0,0.9806,0.9812,0.981
DPGate,tt100k_signs,resnet50,0.525,0.000138,8.1e-05,0.000368,0.342377,0.011875,0.004315,0.024257,0.386305,4092.7,17.7,7242.0,258.0,0.9884,0.9812,0.9848
DPGate,tt100k_signs,resnet50,0.55,4.6e-05,0.0,4.6e-05,0.329457,0.011875,0.004315,0.024257,0.386305,4092.7,17.7,7242.0,258.0,0.9961,1.0,0.9981
DPGate,tt100k_signs,resnet50,0.575,0.0,0.0,0.0,0.319121,0.011875,0.004315,0.024257,0.386305,4092.7,17.7,7242.0,258.0,1.0,1.0,1.0
DPGate,tt100k_signs,resnet50,0.6,0.0,0.0,0.0,0.30491,0.011875,0.004315,0.024257,0.386305,4092.7,17.7,7242.0,258.0,1.0,1.0,1.0
DPGate,tt100k_signs,resnet50,0.625,0.0,0.0,0.0,0.28553,0.011875,0.004315,0.024257,0.386305,4092.7,17.7,7242.0,258.0,1.0,1.0,1.0
DPGate,tt100k_signs,resnet50,0.65,0.0,0.0,0.0,0.26615,0.011875,0.004315,0.024257,0.386305,4092.7,17.7,7242.0,258.0,1.0,1.0,1.0
DPGate,tt100k_signs,resnet50,0.675,0.0,0.0,0.0,0.250646,0.011875,0.004315,0.024257,0.386305,4092.7,17.7,7242.0,258.0,1.0,1.0,1.0
DPGate,tt100k_signs,resnet50,0.7,0.0,0.0,0.0,0.236434,0.011875,0.004315,0.024257,0.386305,4092.7,17.7,7242.0,258.0,1.0,1.0,1.0
DPGate,tt100k_signs,resnet50,0.725,0.0,0.0,0.0,0.219638,0.011875,0.004315,0.024257,0.386305,4092.7,17.7,7242.0,258.0,1.0,1.0,1.0
DPGate,tt100k_signs,resnet50,0.75,0.0,0.0,0.0,0.198966,0.011875,0.004315,0.024257,0.386305,4092.7,17.7,7242.0,258.0,1.0,1.0,1.0
DPGate,tt100k_signs,resnet50,0.775,0.0,0.0,0.0,0.183463,0.011875,0.004315,0.024257,0.386305,4092.7,17.7,7242.0,258.0,1.0,1.0,1.0
DPGate,tt100k_signs,resnet50,0.8,0.0,0.0,0.0,0.164083,0.011875,0.004315,0.024257,0.386305,4092.7,17.7,7242.0,258.0,1.0,1.0,1.0
DPGate,tt100k_signs,resnet50,0.825,0.0,0.0,0.0,0.145995,0.011875,0.004315,0.024257,0.386305,4092.7,17.7,7242.0,258.0,1.0,1.0,1.0
DPGate,tt100k_signs,resnet50,0.85,0.0,0.0,0.0,0.127907,0.011875,0.004315,0.024257,0.386305,4092.7,17.7,7242.0,258.0,1.0,1.0,1.0
DPGate,tt100k_signs,resnet50,0.875,0.0,0.0,0.0,0.104651,0.011875,0.004315,0.024257,0.386305,4092.7,17.7,7242.0,258.0,1.0,1.0,1.0
DPGate,tt100k_signs,resnet50,0.9,0.0,0.0,0.0,0.085271,0.011875,0.004315,0.024257,0.386305,4092.7,17.7,7242.0,258.0,1.0,1.0,1.0
DPGate,tt100k_signs,resnet50,0.925,0.0,0.0,0.0,0.065891,0.011875,0.004315,0.024257,0.386305,4092.7,17.7,7242.0,258.0,1.0,1.0,1.0
DPGate,tt100k_signs,resnet50,0.95,0.0,0.0,0.0,0.04522,0.011875,0.004315,0.024257,0.386305,4092.7,17.7,7242.0,258.0,1.0,1.0,1.0
DPGate,tt100k_signs,resnet50,0.975,0.0,0.0,0.0,0.023256,0.011875,0.004315,0.024257,0.386305,4092.7,17.7,7242.0,258.0,1.0,1.0,1.0
DPGate,tt100k_signs,resnet50,1.0,0.0,0.0,0.0,0.0,0.011875,0.004315,0.024257,0.386305,4092.7,17.7,7242.0,258.0,1.0,1.0,1.0
DPGate,gtsrb,convnext_tiny,0.0,0.000957,0.000172,0.002289,0.843318,0.000957,0.000172,0.002289,0.843318,1948.0,0.3,9757.0,217.0,0.0,0.0,0.0
DPGate,gtsrb,convnext_tiny,0.01,0.00082,0.000172,0.001947,0.843318,0.000957,0.000172,0.002289,0.843318,1948.0,0.3,9757.0,217.0,0.1429,0.0,0.1493
DPGate,gtsrb,convnext_tiny,0.02,0.000683,0.000172,0.001674,0.841782,0.000957,0.000172,0.002289,0.843318,1948.0,0.3,9757.0,217.0,0.2857,0.0,0.2687
DPGate,gtsrb,convnext_tiny,0.03,0.000512,0.0,0.001196,0.840246,0.000957,0.000172,0.002289,0.843318,1948.0,0.3,9757.0,217.0,0.4643,1.0,0.4776
DPGate,gtsrb,convnext_tiny,0.04,0.00041,0.0,0.000922,0.83871,0.000957,0.000172,0.002289,0.843318,1948.0,0.3,9757.0,217.0,0.5714,1.0,0.597
DPGate,gtsrb,convnext_tiny,0.05,0.000342,0.0,0.00082,0.832565,0.000957,0.000172,0.002289,0.843318,1948.0,0.3,9757.0,217.0,0.6429,1.0,0.6418
DPGate,gtsrb,convnext_tiny,0.06,0.000307,0.0,0.000752,0.824885,0.000957,0.000172,0.002289,0.843318,1948.0,0.3,9757.0,217.0,0.6786,1.0,0.6716
DPGate,gtsrb,convnext_tiny,0.07,0.000307,0.0,0.000752,0.815668,0.000957,0.000172,0.002289,0.843318,1948.0,0.3,9757.0,217.0,0.6786,1.0,0.6716
DPGate,gtsrb,convnext_tiny,0.08,0.000307,0.0,0.000752,0.807988,0.000957,0.000172,0.002289,0.843318,1948.0,0.3,9757.0,217.0,0.6786,1.0,0.6716
DPGate,gtsrb,convnext_tiny,0.09,0.000239,0.0,0.000478,0.801843,0.000957,0.000172,0.002289,0.843318,1948.0,0.3,9757.0,217.0,0.75,1.0,0.791
DPGate,gtsrb,convnext_tiny,0.1,0.000205,0.0,0.00041,0.795699,0.000957,0.000172,0.002289,0.843318,1948.0,0.3,9757.0,217.0,0.7857,1.0,0.8209
DPGate,gtsrb,convnext_tiny,0.11,0.000205,0.0,0.00041,0.786482,0.000957,0.000172,0.002289,0.843318,1948.0,0.3,9757.0,217.0,0.7857,1.0,0.8209
DPGate,gtsrb,convnext_tiny,0.12,0.000171,0.0,0.000342,0.780338,0.000957,0.000172,0.002289,0.843318,1948.0,0.3,9757.0,217.0,0.8214,1.0,0.8507
DPGate,gtsrb,convnext_tiny,0.13,0.000171,0.0,0.000342,0.771121,0.000957,0.000172,0.002289,0.843318,1948.0,0.3,9757.0,217.0,0.8214,1.0,0.8507
DPGate,gtsrb,convnext_tiny,0.14,0.000137,0.0,0.000273,0.763441,0.000957,0.000172,0.002289,0.843318,1948.0,0.3,9757.0,217.0,0.8571,1.0,0.8806
DPGate,gtsrb,convnext_tiny,0.15,0.000137,0.0,0.000273,0.754224,0.000957,0.000172,0.002289,0.843318,1948.0,0.3,9757.0,217.0,0.8571,1.0,0.8806
DPGate,gtsrb,convnext_tiny,0.16,0.000137,0.0,0.000273,0.745008,0.000957,0.000172,0.002289,0.843318,1948.0,0.3,9757.0,217.0,0.8571,1.0,0.8806
DPGate,gtsrb,convnext_tiny,0.17,0.000137,0.0,0.000273,0.735791,0.000957,0.000172,0.002289,0.843318,1948.0,0.3,9757.0,217.0,0.8571,1.0,0.8806
DPGate,gtsrb,convnext_tiny,0.18,0.000102,0.0,0.000205,0.728111,0.000957,0.000172,0.002289,0.843318,1948.0,0.3,9757.0,217.0,0.8929,1.0,0.9104
DPGate,gtsrb,convnext_tiny,0.19,0.000102,0.0,0.000205,0.721966,0.000957,0.000172,0.002289,0.843318,1948.0,0.3,9757.0,217.0,0.8929,1.0,0.9104
DPGate,gtsrb,convnext_tiny,0.2,0.000102,0.0,0.000205,0.71275,0.000957,0.000172,0.002289,0.843318,1948.0,0.3,9757.0,217.0,0.8929,1.0,0.9104
DPGate,gtsrb,convnext_tiny,0.21,0.000102,0.0,0.000205,0.703533,0.000957,0.000172,0.002289,0.843318,1948.0,0.3,9757.0,217.0,0.8929,1.0,0.9104
DPGate,gtsrb,convnext_tiny,0.22,6.8e-05,0.0,0.000137,0.695853,0.000957,0.000172,0.002289,0.843318,1948.0,0.3,9757.0,217.0,0.9286,1.0,0.9403
DPGate,gtsrb,convnext_tiny,0.23,6.8e-05,0.0,0.000137,0.686636,0.000957,0.000172,0.002289,0.843318,1948.0,0.3,9757.0,217.0,0.9286,1.0,0.9403
DPGate,gtsrb,convnext_tiny,0.24,6.8e-05,0.0,0.000137,0.677419,0.000957,0.000172,0.002289,0.843318,1948.0,0.3,9757.0,217.0,0.9286,1.0,0.9403
DPGate,gtsrb,convnext_tiny,0.25,6.8e-05,0.0,0.000137,0.668203,0.000957,0.000172,0.002289,0.843318,1948.0,0.3,9757.0,217.0,0.9286,1.0,0.9403
DPGate,gtsrb,convnext_tiny,0.26,6.8e-05,0.0,0.000137,0.658986,0.000957,0.000172,0.002289,0.843318,1948.0,0.3,9757.0,217.0,0.9286,1.0,0.9403
DPGate,gtsrb,convnext_tiny,0.27,6.8e-05,0.0,0.000137,0.64977,0.000957,0.000172,0.002289,0.843318,1948.0,0.3,9757.0,217.0,0.9286,1.0,0.9403
DPGate,gtsrb,convnext_tiny,0.28,6.8e-05,0.0,0.000137,0.642089,0.000957,0.000172,0.002289,0.843318,1948.0,0.3,9757.0,217.0,0.9286,1.0,0.9403
DPGate,gtsrb,convnext_tiny,0.29,6.8e-05,0.0,0.000137,0.632873,0.000957,0.000172,0.002289,0.843318,1948.0,0.3,9757.0,217.0,0.9286,1.0,0.9403
DPGate,gtsrb,convnext_tiny,0.3,6.8e-05,0.0,0.000137,0.623656,0.000957,0.000172,0.002289,0.843318,1948.0,0.3,9757.0,217.0,0.9286,1.0,0.9403
DPGate,gtsrb,convnext_tiny,0.325,3.4e-05,0.0,6.8e-05,0.602151,0.000957,0.000172,0.002289,0.843318,1948.0,0.3,9757.0,217.0,0.9643,1.0,0.9701
DPGate,gtsrb,convnext_tiny,0.35,3.4e-05,0.0,6.8e-05,0.580645,0.000957,0.000172,0.002289,0.843318,1948.0,0.3,9757.0,217.0,0.9643,1.0,0.9701
DPGate,gtsrb,convnext_tiny,0.375,0.0,0.0,0.0,0.560676,0.000957,0.000172,0.002289,0.843318,1948.0,0.3,9757.0,217.0,1.0,1.0,1.0
DPGate,gtsrb,convnext_tiny,0.4,0.0,0.0,0.0,0.537634,0.000957,0.000172,0.002289,0.843318,1948.0,0.3,9757.0,217.0,1.0,1.0,1.0
DPGate,gtsrb,convnext_tiny,0.425,0.0,0.0,0.0,0.514593,0.000957,0.000172,0.002289,0.843318,1948.0,0.3,9757.0,217.0,1.0,1.0,1.0
DPGate,gtsrb,convnext_tiny,0.45,0.0,0.0,0.0,0.491551,0.000957,0.000172,0.002289,0.843318,1948.0,0.3,9757.0,217.0,1.0,1.0,1.0
DPGate,gtsrb,convnext_tiny,0.475,0.0,0.0,0.0,0.470046,0.000957,0.000172,0.002289,0.843318,1948.0,0.3,9757.0,217.0,1.0,1.0,1.0
DPGate,gtsrb,convnext_tiny,0.5,0.0,0.0,0.0,0.447005,0.000957,0.000172,0.002289,0.843318,1948.0,0.3,9757.0,217.0,1.0,1.0,1.0
DPGate,gtsrb,convnext_tiny,0.525,0.0,0.0,0.0,0.425499,0.000957,0.000172,0.002289,0.843318,1948.0,0.3,9757.0,217.0,1.0,1.0,1.0
DPGate,gtsrb,convnext_tiny,0.55,0.0,0.0,0.0,0.403994,0.000957,0.000172,0.002289,0.843318,1948.0,0.3,9757.0,217.0,1.0,1.0,1.0
DPGate,gtsrb,convnext_tiny,0.575,0.0,0.0,0.0,0.380952,0.000957,0.000172,0.002289,0.843318,1948.0,0.3,9757.0,217.0,1.0,1.0,1.0
DPGate,gtsrb,convnext_tiny,0.6,0.0,0.0,0.0,0.357911,0.000957,0.000172,0.002289,0.843318,1948.0,0.3,9757.0,217.0,1.0,1.0,1.0
DPGate,gtsrb,convnext_tiny,0.625,0.0,0.0,0.0,0.334869,0.000957,0.000172,0.002289,0.843318,1948.0,0.3,9757.0,217.0,1.0,1.0,1.0
DPGate,gtsrb,convnext_tiny,0.65,0.0,0.0,0.0,0.313364,0.000957,0.000172,0.002289,0.843318,1948.0,0.3,9757.0,217.0,1.0,1.0,1.0
DPGate,gtsrb,convnext_tiny,0.675,0.0,0.0,0.0,0.293395,0.000957,0.000172,0.002289,0.843318,1948.0,0.3,9757.0,217.0,1.0,1.0,1.0
DPGate,gtsrb,convnext_tiny,0.7,0.0,0.0,0.0,0.271889,0.000957,0.000172,0.002289,0.843318,1948.0,0.3,9757.0,217.0,1.0,1.0,1.0
DPGate,gtsrb,convnext_tiny,0.725,0.0,0.0,0.0,0.248848,0.000957,0.000172,0.002289,0.843318,1948.0,0.3,9757.0,217.0,1.0,1.0,1.0
DPGate,gtsrb,convnext_tiny,0.75,0.0,0.0,0.0,0.227343,0.000957,0.000172,0.002289,0.843318,1948.0,0.3,9757.0,217.0,1.0,1.0,1.0
DPGate,gtsrb,convnext_tiny,0.775,0.0,0.0,0.0,0.204301,0.000957,0.000172,0.002289,0.843318,1948.0,0.3,9757.0,217.0,1.0,1.0,1.0
DPGate,gtsrb,convnext_tiny,0.8,0.0,0.0,0.0,0.18126,0.000957,0.000172,0.002289,0.843318,1948.0,0.3,9757.0,217.0,1.0,1.0,1.0
DPGate,gtsrb,convnext_tiny,0.825,0.0,0.0,0.0,0.159754,0.000957,0.000172,0.002289,0.843318,1948.0,0.3,9757.0,217.0,1.0,1.0,1.0
DPGate,gtsrb,convnext_tiny,0.85,0.0,0.0,0.0,0.136713,0.000957,0.000172,0.002289,0.843318,1948.0,0.3,9757.0,217.0,1.0,1.0,1.0
DPGate,gtsrb,convnext_tiny,0.875,0.0,0.0,0.0,0.113671,0.000957,0.000172,0.002289,0.843318,1948.0,0.3,9757.0,217.0,1.0,1.0,1.0
DPGate,gtsrb,convnext_tiny,0.9,0.0,0.0,0.0,0.09063,0.000957,0.000172,0.002289,0.843318,1948.0,0.3,9757.0,217.0,1.0,1.0,1.0
DPGate,gtsrb,convnext_tiny,0.925,0.0,0.0,0.0,0.069124,0.000957,0.000172,0.002289,0.843318,1948.0,0.3,9757.0,217.0,1.0,1.0,1.0
DPGate,gtsrb,convnext_tiny,0.95,0.0,0.0,0.0,0.046083,0.000957,0.000172,0.002289,0.843318,1948.0,0.3,9757.0,217.0,1.0,1.0,1.0
DPGate,gtsrb,convnext_tiny,0.975,0.0,0.0,0.0,0.023041,0.000957,0.000172,0.002289,0.843318,1948.0,0.3,9757.0,217.0,1.0,1.0,1.0
DPGate,gtsrb,convnext_tiny,1.0,0.0,0.0,0.0,0.0,0.000957,0.000172,0.002289,0.843318,1948.0,0.3,9757.0,217.0,1.0,1.0,1.0
DPGate,gtsrb,vgg16,0.0,0.003979,0.000863,0.011938,0.6,0.003979,0.000863,0.011938,0.6,1924.7,1.7,9801.0,190.0,0.0,0.0,0.0
DPGate,gtsrb,vgg16,0.01,0.003775,0.000863,0.011427,0.6,0.003979,0.000863,0.011938,0.6,1924.7,1.7,9801.0,190.0,0.0513,0.0,0.0427
DPGate,gtsrb,vgg16,0.02,0.003571,0.000863,0.010815,0.6,0.003979,0.000863,0.011938,0.6,1924.7,1.7,9801.0,190.0,0.1026,0.0,0.094
DPGate,gtsrb,vgg16,0.03,0.003435,0.000863,0.010645,0.6,0.003979,0.000863,0.011938,0.6,1924.7,1.7,9801.0,190.0,0.1368,0.0,0.1083
DPGate,gtsrb,vgg16,0.04,0.003231,0.000863,0.009829,0.6,0.003979,0.000863,0.011938,0.6,1924.7,1.7,9801.0,190.0,0.188,0.0,0.1766
DPGate,gtsrb,vgg16,0.05,0.003061,0.000863,0.009455,0.6,0.003979,0.000863,0.011938,0.6,1924.7,1.7,9801.0,190.0,0.2308,0.0,0.208
DPGate,gtsrb,vgg16,0.06,0.002891,0.000863,0.009115,0.6,0.003979,0.000863,0.011938,0.6,1924.7,1.7,9801.0,190.0,0.2735,0.0,0.2365
DPGate,gtsrb,vgg16,0.07,0.002721,0.000863,0.008673,0.6,0.003979,0.000863,0.011938,0.6,1924.7,1.7,9801.0,190.0,0.3162,0.0,0.2735
DPGate,gtsrb,vgg16,0.08,0.002551,0.000863,0.008128,0.6,0.003979,0.000863,0.011938,0.6,1924.7,1.7,9801.0,190.0,0.359,0.0,0.3191
DPGate,gtsrb,vgg16,0.09,0.002381,0.000863,0.007584,0.6,0.003979,0.000863,0.011938,0.6,1924.7,1.7,9801.0,190.0,0.4017,0.0,0.3647
DPGate,gtsrb,vgg16,0.1,0.002211,0.000863,0.006972,0.6,0.003979,0.000863,0.011938,0.6,1924.7,1.7,9801.0,190.0,0.4444,0.0,0.416
DPGate,gtsrb,vgg16,0.11,0.002041,0.000863,0.006564,0.6,0.003979,0.000863,0.011938,0.6,1924.7,1.7,9801.0,190.0,0.4872,0.0,0.4501
DPGate,gtsrb,vgg16,0.12,0.001871,0.000863,0.006292,0.6,0.003979,0.000863,0.011938,0.6,1924.7,1.7,9801.0,190.0,0.5299,0.0,0.4729
DPGate,gtsrb,vgg16,0.13,0.001666,0.000863,0.00568,0.6,0.003979,0.000863,0.011938,0.6,1924.7,1.7,9801.0,190.0,0.5812,0.0,0.5242
DPGate,gtsrb,vgg16,0.14,0.00153,0.000691,0.005238,0.6,0.003979,0.000863,0.011938,0.6,1924.7,1.7,9801.0,190.0,0.6154,0.1989,0.5613
DPGate,gtsrb,vgg16,0.15,0.00136,0.000691,0.004557,0.598246,0.003979,0.000863,0.011938,0.6,1924.7,1.7,9801.0,190.0,0.6581,0.1989,0.6182
DPGate,gtsrb,vgg16,0.16,0.001224,0.000691,0.004285,0.598246,0.003979,0.000863,0.011938,0.6,1924.7,1.7,9801.0,190.0,0.6923,0.1989,0.641
DPGate,gtsrb,vgg16,0.17,0.001054,0.000691,0.003639,0.598246,0.003979,0.000863,0.011938,0.6,1924.7,1.7,9801.0,190.0,0.735,0.1989,0.6952
DPGate,gtsrb,vgg16,0.18,0.000918,0.00052,0.003163,0.596491,0.003979,0.000863,0.011938,0.6,1924.7,1.7,9801.0,190.0,0.7692,0.3978,0.735
DPGate,gtsrb,vgg16,0.19,0.00085,0.00052,0.003095,0.594737,0.003979,0.000863,0.011938,0.6,1924.7,1.7,9801.0,190.0,0.7863,0.3978,0.7407
DPGate,gtsrb,vgg16,0.2,0.000714,0.00052,0.002551,0.592982,0.003979,0.000863,0.011938,0.6,1924.7,1.7,9801.0,190.0,0.8205,0.3978,0.7863
DPGate,gtsrb,vgg16,0.21,0.000578,0.000345,0.001939,0.592982,0.003979,0.000863,0.011938,0.6,1924.7,1.7,9801.0,190.0,0.8547,0.5997,0.8376
DPGate,gtsrb,vgg16,0.22,0.00051,0.000345,0.001871,0.591228,0.003979,0.000863,0.011938,0.6,1924.7,1.7,9801.0,190.0,0.8718,0.5997,0.8433
DPGate,gtsrb,vgg16,0.23,0.000476,0.000345,0.001701,0.587719,0.003979,0.000863,0.011938,0.6,1924.7,1.7,9801.0,190.0,0.8803,0.5997,0.8575
DPGate,gtsrb,vgg16,0.24,0.000476,0.000345,0.001701,0.582456,0.003979,0.000863,0.011938,0.6,1924.7,1.7,9801.0,190.0,0.8803,0.5997,0.8575
DPGate,gtsrb,vgg16,0.25,0.000442,0.000172,0.001496,0.578947,0.003979,0.000863,0.011938,0.6,1924.7,1.7,9801.0,190.0,0.8889,0.8011,0.8746
DPGate,gtsrb,vgg16,0.26,0.000442,0.000172,0.001496,0.57193,0.003979,0.000863,0.011938,0.6,1924.7,1.7,9801.0,190.0,0.8889,0.8011,0.8746
DPGate,gtsrb,vgg16,0.27,0.000374,0.000172,0.00119,0.568421,0.003979,0.000863,0.011938,0.6,1924.7,1.7,9801.0,190.0,0.906,0.8011,0.9003
DPGate,gtsrb,vgg16,0.28,0.00034,0.000172,0.001156,0.563158,0.003979,0.000863,0.011938,0.6,1924.7,1.7,9801.0,190.0,0.9145,0.8011,0.9031
DPGate,gtsrb,vgg16,0.29,0.000306,0.000172,0.000986,0.561404,0.003979,0.000863,0.011938,0.6,1924.7,1.7,9801.0,190.0,0.9231,0.8011,0.9174
DPGate,gtsrb,vgg16,0.3,0.000272,0.000172,0.000952,0.559649,0.003979,0.000863,0.011938,0.6,1924.7,1.7,9801.0,190.0,0.9316,0.8011,0.9202
DPGate,gtsrb,vgg16,0.325,0.000136,0.0,0.000408,0.547368,0.003979,0.000863,0.011938,0.6,1924.7,1.7,9801.0,190.0,0.9658,1.0,0.9658
DPGate,gtsrb,vgg16,0.35,0.000102,0.0,0.000238,0.531579,0.003979,0.000863,0.011938,0.6,1924.7,1.7,9801.0,190.0,0.9744,1.0,0.9801
DPGate,gtsrb,vgg16,0.375,3.4e-05,0.0,3.4e-05,0.515789,0.003979,0.000863,0.011938,0.6,1924.7,1.7,9801.0,190.0,0.9915,1.0,0.9972
DPGate,gtsrb,vgg16,0.4,3.4e-05,0.0,3.4e-05,0.496491,0.003979,0.000863,0.011938,0.6,1924.7,1.7,9801.0,190.0,0.9915,1.0,0.9972
DPGate,gtsrb,vgg16,0.425,3.4e-05,0.0,3.4e-05,0.482456,0.003979,0.000863,0.011938,0.6,1924.7,1.7,9801.0,190.0,0.9915,1.0,0.9972
DPGate,gtsrb,vgg16,0.45,0.0,0.0,0.0,0.464912,0.003979,0.000863,0.011938,0.6,1924.7,1.7,9801.0,190.0,1.0,1.0,1.0
DPGate,gtsrb,vgg16,0.475,0.0,0.0,0.0,0.450877,0.003979,0.000863,0.011938,0.6,1924.7,1.7,9801.0,190.0,1.0,1.0,1.0
DPGate,gtsrb,vgg16,0.5,0.0,0.0,0.0,0.429825,0.003979,0.000863,0.011938,0.6,1924.7,1.7,9801.0,190.0,1.0,1.0,1.0
DPGate,gtsrb,vgg16,0.525,0.0,0.0,0.0,0.407018,0.003979,0.000863,0.011938,0.6,1924.7,1.7,9801.0,190.0,1.0,1.0,1.0
DPGate,gtsrb,vgg16,0.55,0.0,0.0,0.0,0.387719,0.003979,0.000863,0.011938,0.6,1924.7,1.7,9801.0,190.0,1.0,1.0,1.0
DPGate,gtsrb,vgg16,0.575,0.0,0.0,0.0,0.368421,0.003979,0.000863,0.011938,0.6,1924.7,1.7,9801.0,190.0,1.0,1.0,1.0
DPGate,gtsrb,vgg16,0.6,0.0,0.0,0.0,0.347368,0.003979,0.000863,0.011938,0.6,1924.7,1.7,9801.0,190.0,1.0,1.0,1.0
DPGate,gtsrb,vgg16,0.625,0.0,0.0,0.0,0.32807,0.003979,0.000863,0.011938,0.6,1924.7,1.7,9801.0,190.0,1.0,1.0,1.0
DPGate,gtsrb,vgg16,0.65,0.0,0.0,0.0,0.308772,0.003979,0.000863,0.011938,0.6,1924.7,1.7,9801.0,190.0,1.0,1.0,1.0
DPGate,gtsrb,vgg16,0.675,0.0,0.0,0.0,0.287719,0.003979,0.000863,0.011938,0.6,1924.7,1.7,9801.0,190.0,1.0,1.0,1.0
DPGate,gtsrb,vgg16,0.7,0.0,0.0,0.0,0.264912,0.003979,0.000863,0.011938,0.6,1924.7,1.7,9801.0,190.0,1.0,1.0,1.0
DPGate,gtsrb,vgg16,0.725,0.0,0.0,0.0,0.24386,0.003979,0.000863,0.011938,0.6,1924.7,1.7,9801.0,190.0,1.0,1.0,1.0
DPGate,gtsrb,vgg16,0.75,0.0,0.0,0.0,0.222807,0.003979,0.000863,0.011938,0.6,1924.7,1.7,9801.0,190.0,1.0,1.0,1.0
DPGate,gtsrb,vgg16,0.775,0.0,0.0,0.0,0.201754,0.003979,0.000863,0.011938,0.6,1924.7,1.7,9801.0,190.0,1.0,1.0,1.0
DPGate,gtsrb,vgg16,0.8,0.0,0.0,0.0,0.178947,0.003979,0.000863,0.011938,0.6,1924.7,1.7,9801.0,190.0,1.0,1.0,1.0
DPGate,gtsrb,vgg16,0.825,0.0,0.0,0.0,0.159649,0.003979,0.000863,0.011938,0.6,1924.7,1.7,9801.0,190.0,1.0,1.0,1.0
DPGate,gtsrb,vgg16,0.85,0.0,0.0,0.0,0.136842,0.003979,0.000863,0.011938,0.6,1924.7,1.7,9801.0,190.0,1.0,1.0,1.0
DPGate,gtsrb,vgg16,0.875,0.0,0.0,0.0,0.114035,0.003979,0.000863,0.011938,0.6,1924.7,1.7,9801.0,190.0,1.0,1.0,1.0
DPGate,gtsrb,vgg16,0.9,0.0,0.0,0.0,0.091228,0.003979,0.000863,0.011938,0.6,1924.7,1.7,9801.0,190.0,1.0,1.0,1.0
DPGate,gtsrb,vgg16,0.925,0.0,0.0,0.0,0.070175,0.003979,0.000863,0.011938,0.6,1924.7,1.7,9801.0,190.0,1.0,1.0,1.0
DPGate,gtsrb,vgg16,0.95,0.0,0.0,0.0,0.047368,0.003979,0.000863,0.011938,0.6,1924.7,1.7,9801.0,190.0,1.0,1.0,1.0
DPGate,gtsrb,vgg16,0.975,0.0,0.0,0.0,0.024561,0.003979,0.000863,0.011938,0.6,1924.7,1.7,9801.0,190.0,1.0,1.0,1.0
DPGate,gtsrb,vgg16,1.0,0.0,0.0,0.0,0.0,0.003979,0.000863,0.011938,0.6,1924.7,1.7,9801.0,190.0,1.0,1.0,1.0
DPGate,lisa_signs,convnext_tiny,0.0,0.002106,0.002708,0.007899,0.464286,0.002106,0.002708,0.007899,0.464286,743.5,2.0,1899.0,14.0,0.0,0.0,0.0
DPGate,lisa_signs,convnext_tiny,0.01,0.001843,0.002044,0.006319,0.428571,0.002106,0.002708,0.007899,0.464286,743.5,2.0,1899.0,14.0,0.125,0.2452,0.2
DPGate,lisa_signs,convnext_tiny,0.02,0.001843,0.002044,0.006319,0.428571,0.002106,0.002708,0.007899,0.464286,743.5,2.0,1899.0,14.0,0.125,0.2452,0.2
DPGate,lisa_signs,convnext_tiny,0.03,0.001843,0.002044,0.006319,0.428571,0.002106,0.002708,0.007899,0.464286,743.5,2.0,1899.0,14.0,0.125,0.2452,0.2
DPGate,lisa_signs,convnext_tiny,0.04,0.001843,0.002044,0.006319,0.428571,0.002106,0.002708,0.007899,0.464286,743.5,2.0,1899.0,14.0,0.125,0.2452,0.2
DPGate,lisa_signs,convnext_tiny,0.05,0.001843,0.002044,0.006319,0.428571,0.002106,0.002708,0.007899,0.464286,743.5,2.0,1899.0,14.0,0.125,0.2452,0.2
DPGate,lisa_signs,convnext_tiny,0.06,0.001843,0.002044,0.006319,0.428571,0.002106,0.002708,0.007899,0.464286,743.5,2.0,1899.0,14.0,0.125,0.2452,0.2
DPGate,lisa_signs,convnext_tiny,0.07,0.001843,0.002044,0.006319,0.428571,0.002106,0.002708,0.007899,0.464286,743.5,2.0,1899.0,14.0,0.125,0.2452,0.2
DPGate,lisa_signs,convnext_tiny,0.08,0.001843,0.002044,0.006319,0.428571,0.002106,0.002708,0.007899,0.464286,743.5,2.0,1899.0,14.0,0.125,0.2452,0.2
DPGate,lisa_signs,convnext_tiny,0.09,0.00158,0.002044,0.005529,0.428571,0.002106,0.002708,0.007899,0.464286,743.5,2.0,1899.0,14.0,0.25,0.2452,0.3
DPGate,lisa_signs,convnext_tiny,0.1,0.00158,0.002044,0.005529,0.428571,0.002106,0.002708,0.007899,0.464286,743.5,2.0,1899.0,14.0,0.25,0.2452,0.3
DPGate,lisa_signs,convnext_tiny,0.11,0.00158,0.002044,0.005529,0.428571,0.002106,0.002708,0.007899,0.464286,743.5,2.0,1899.0,14.0,0.25,0.2452,0.3
DPGate,lisa_signs,convnext_tiny,0.12,0.00158,0.002044,0.005529,0.428571,0.002106,0.002708,0.007899,0.464286,743.5,2.0,1899.0,14.0,0.25,0.2452,0.3
DPGate,lisa_signs,convnext_tiny,0.13,0.00158,0.002044,0.005529,0.428571,0.002106,0.002708,0.007899,0.464286,743.5,2.0,1899.0,14.0,0.25,0.2452,0.3
DPGate,lisa_signs,convnext_tiny,0.14,0.00158,0.002044,0.005529,0.428571,0.002106,0.002708,0.007899,0.464286,743.5,2.0,1899.0,14.0,0.25,0.2452,0.3
DPGate,lisa_signs,convnext_tiny,0.15,0.00158,0.002044,0.005529,0.428571,0.002106,0.002708,0.007899,0.464286,743.5,2.0,1899.0,14.0,0.25,0.2452,0.3
DPGate,lisa_signs,convnext_tiny,0.16,0.00158,0.002044,0.005529,0.428571,0.002106,0.002708,0.007899,0.464286,743.5,2.0,1899.0,14.0,0.25,0.2452,0.3
DPGate,lisa_signs,convnext_tiny,0.17,0.001316,0.001362,0.003949,0.428571,0.002106,0.002708,0.007899,0.464286,743.5,2.0,1899.0,14.0,0.375,0.4968,0.5
DPGate,lisa_signs,convnext_tiny,0.18,0.001316,0.001362,0.003949,0.428571,0.002106,0.002708,0.007899,0.464286,743.5,2.0,1899.0,14.0,0.375,0.4968,0.5
DPGate,lisa_signs,convnext_tiny,0.19,0.001316,0.001362,0.003949,0.428571,0.002106,0.002708,0.007899,0.464286,743.5,2.0,1899.0,14.0,0.375,0.4968,0.5
DPGate,lisa_signs,convnext_tiny,0.2,0.001316,0.001362,0.003949,0.428571,0.002106,0.002708,0.007899,0.464286,743.5,2.0,1899.0,14.0,0.375,0.4968,0.5
DPGate,lisa_signs,convnext_tiny,0.21,0.001316,0.001362,0.003949,0.428571,0.002106,0.002708,0.007899,0.464286,743.5,2.0,1899.0,14.0,0.375,0.4968,0.5
DPGate,lisa_signs,convnext_tiny,0.22,0.001316,0.001362,0.003949,0.428571,0.002106,0.002708,0.007899,0.464286,743.5,2.0,1899.0,14.0,0.375,0.4968,0.5
DPGate,lisa_signs,convnext_tiny,0.23,0.001316,0.001362,0.003949,0.428571,0.002106,0.002708,0.007899,0.464286,743.5,2.0,1899.0,14.0,0.375,0.4968,0.5
DPGate,lisa_signs,convnext_tiny,0.24,0.001316,0.001362,0.003949,0.428571,0.002106,0.002708,0.007899,0.464286,743.5,2.0,1899.0,14.0,0.375,0.4968,0.5
DPGate,lisa_signs,convnext_tiny,0.25,0.001316,0.001362,0.003949,0.357143,0.002106,0.002708,0.007899,0.464286,743.5,2.0,1899.0,14.0,0.375,0.4968,0.5
DPGate,lisa_signs,convnext_tiny,0.26,0.001316,0.001362,0.003949,0.357143,0.002106,0.002708,0.007899,0.464286,743.5,2.0,1899.0,14.0,0.375,0.4968,0.5
DPGate,lisa_signs,convnext_tiny,0.27,0.001316,0.001362,0.003949,0.357143,0.002106,0.002708,0.007899,0.464286,743.5,2.0,1899.0,14.0,0.375,0.4968,0.5
DPGate,lisa_signs,convnext_tiny,0.28,0.001316,0.001362,0.003949,0.357143,0.002106,0.002708,0.007899,0.464286,743.5,2.0,1899.0,14.0,0.375,0.4968,0.5
DPGate,lisa_signs,convnext_tiny,0.29,0.001316,0.001362,0.003949,0.357143,0.002106,0.002708,0.007899,0.464286,743.5,2.0,1899.0,14.0,0.375,0.4968,0.5
DPGate,lisa_signs,convnext_tiny,0.3,0.001316,0.001362,0.003949,0.357143,0.002106,0.002708,0.007899,0.464286,743.5,2.0,1899.0,14.0,0.375,0.4968,0.5
DPGate,lisa_signs,convnext_tiny,0.325,0.001316,0.001362,0.003949,0.357143,0.002106,0.002708,0.007899,0.464286,743.5,2.0,1899.0,14.0,0.375,0.4968,0.5
DPGate,lisa_signs,convnext_tiny,0.35,0.001053,0.001362,0.003686,0.357143,0.002106,0.002708,0.007899,0.464286,743.5,2.0,1899.0,14.0,0.5,0.4968,0.5333
DPGate,lisa_signs,convnext_tiny,0.375,0.001053,0.001362,0.003686,0.321429,0.002106,0.002708,0.007899,0.464286,743.5,2.0,1899.0,14.0,0.5,0.4968,0.5333
DPGate,lisa_signs,convnext_tiny,0.4,0.001053,0.001362,0.003686,0.321429,0.002106,0.002708,0.007899,0.464286,743.5,2.0,1899.0,14.0,0.5,0.4968,0.5333
DPGate,lisa_signs,convnext_tiny,0.425,0.00079,0.000681,0.002106,0.321429,0.002106,0.002708,0.007899,0.464286,743.5,2.0,1899.0,14.0,0.625,0.7484,0.7333
DPGate,lisa_signs,convnext_tiny,0.45,0.00079,0.000681,0.002106,0.321429,0.002106,0.002708,0.007899,0.464286,743.5,2.0,1899.0,14.0,0.625,0.7484,0.7333
DPGate,lisa_signs,convnext_tiny,0.475,0.00079,0.000681,0.002106,0.321429,0.002106,0.002708,0.007899,0.464286,743.5,2.0,1899.0,14.0,0.625,0.7484,0.7333
DPGate,lisa_signs,convnext_tiny,0.5,0.000527,0.0,0.000527,0.285714,0.002106,0.002708,0.007899,0.464286,743.5,2.0,1899.0,14.0,0.75,1.0,0.9333
DPGate,lisa_signs,convnext_tiny,0.525,0.000527,0.0,0.000527,0.285714,0.002106,0.002708,0.007899,0.464286,743.5,2.0,1899.0,14.0,0.75,1.0,0.9333
DPGate,lisa_signs,convnext_tiny,0.55,0.000527,0.0,0.000527,0.285714,0.002106,0.002708,0.007899,0.464286,743.5,2.0,1899.0,14.0,0.75,1.0,0.9333
DPGate,lisa_signs,convnext_tiny,0.575,0.000527,0.0,0.000527,0.285714,0.002106,0.002708,0.007899,0.464286,743.5,2.0,1899.0,14.0,0.75,1.0,0.9333
DPGate,lisa_signs,convnext_tiny,0.6,0.000527,0.0,0.000527,0.25,0.002106,0.002708,0.007899,0.464286,743.5,2.0,1899.0,14.0,0.75,1.0,0.9333
DPGate,lisa_signs,convnext_tiny,0.625,0.000527,0.0,0.000527,0.214286,0.002106,0.002708,0.007899,0.464286,743.5,2.0,1899.0,14.0,0.75,1.0,0.9333
DPGate,lisa_signs,convnext_tiny,0.65,0.000527,0.0,0.000527,0.214286,0.002106,0.002708,0.007899,0.464286,743.5,2.0,1899.0,14.0,0.75,1.0,0.9333
DPGate,lisa_signs,convnext_tiny,0.675,0.000263,0.0,0.000263,0.214286,0.002106,0.002708,0.007899,0.464286,743.5,2.0,1899.0,14.0,0.875,1.0,0.9667
DPGate,lisa_signs,convnext_tiny,0.7,0.000263,0.0,0.000263,0.214286,0.002106,0.002708,0.007899,0.464286,743.5,2.0,1899.0,14.0,0.875,1.0,0.9667
DPGate,lisa_signs,convnext_tiny,0.725,0.000263,0.0,0.000263,0.214286,0.002106,0.002708,0.007899,0.464286,743.5,2.0,1899.0,14.0,0.875,1.0,0.9667
DPGate,lisa_signs,convnext_tiny,0.75,0.000263,0.0,0.000263,0.142857,0.002106,0.002708,0.007899,0.464286,743.5,2.0,1899.0,14.0,0.875,1.0,0.9667
DPGate,lisa_signs,convnext_tiny,0.775,0.000263,0.0,0.000263,0.142857,0.002106,0.002708,0.007899,0.464286,743.5,2.0,1899.0,14.0,0.875,1.0,0.9667
DPGate,lisa_signs,convnext_tiny,0.8,0.000263,0.0,0.000263,0.142857,0.002106,0.002708,0.007899,0.464286,743.5,2.0,1899.0,14.0,0.875,1.0,0.9667
DPGate,lisa_signs,convnext_tiny,0.825,0.000263,0.0,0.000263,0.142857,0.002106,0.002708,0.007899,0.464286,743.5,2.0,1899.0,14.0,0.875,1.0,0.9667
DPGate,lisa_signs,convnext_tiny,0.85,0.000263,0.0,0.000263,0.107143,0.002106,0.002708,0.007899,0.464286,743.5,2.0,1899.0,14.0,0.875,1.0,0.9667
DPGate,lisa_signs,convnext_tiny,0.875,0.0,0.0,0.0,0.107143,0.002106,0.002708,0.007899,0.464286,743.5,2.0,1899.0,14.0,1.0,1.0,1.0
DPGate,lisa_signs,convnext_tiny,0.9,0.0,0.0,0.0,0.107143,0.002106,0.002708,0.007899,0.464286,743.5,2.0,1899.0,14.0,1.0,1.0,1.0
DPGate,lisa_signs,convnext_tiny,0.925,0.0,0.0,0.0,0.071429,0.002106,0.002708,0.007899,0.464286,743.5,2.0,1899.0,14.0,1.0,1.0,1.0
DPGate,lisa_signs,convnext_tiny,0.95,0.0,0.0,0.0,0.071429,0.002106,0.002708,0.007899,0.464286,743.5,2.0,1899.0,14.0,1.0,1.0,1.0
DPGate,lisa_signs,convnext_tiny,0.975,0.0,0.0,0.0,0.071429,0.002106,0.002708,0.007899,0.464286,743.5,2.0,1899.0,14.0,1.0,1.0,1.0
DPGate,lisa_signs,convnext_tiny,1.0,0.0,0.0,0.0,0.0,0.002106,0.002708,0.007899,0.464286,743.5,2.0,1899.0,14.0,1.0,1.0,1.0
DPGate,lisa_signs,vgg16,0.0,0.001609,0.002736,0.00912,0.305556,0.001609,0.002736,0.00912,0.305556,731.0,2.0,1864.0,36.0,0.0,0.0,0.0
DPGate,lisa_signs,vgg16,0.01,0.001073,0.002736,0.006438,0.305556,0.001609,0.002736,0.00912,0.305556,731.0,2.0,1864.0,36.0,0.3333,0.0,0.2941
DPGate,lisa_signs,vgg16,0.02,0.001073,0.002736,0.006438,0.305556,0.001609,0.002736,0.00912,0.305556,731.0,2.0,1864.0,36.0,0.3333,0.0,0.2941
DPGate,lisa_signs,vgg16,0.03,0.001073,0.002736,0.006438,0.305556,0.001609,0.002736,0.00912,0.305556,731.0,2.0,1864.0,36.0,0.3333,0.0,0.2941
DPGate,lisa_signs,vgg16,0.04,0.001073,0.002736,0.006438,0.305556,0.001609,0.002736,0.00912,0.305556,731.0,2.0,1864.0,36.0,0.3333,0.0,0.2941
DPGate,lisa_signs,vgg16,0.05,0.001073,0.002736,0.006438,0.305556,0.001609,0.002736,0.00912,0.305556,731.0,2.0,1864.0,36.0,0.3333,0.0,0.2941
DPGate,lisa_signs,vgg16,0.06,0.000536,0.001368,0.003219,0.305556,0.001609,0.002736,0.00912,0.305556,731.0,2.0,1864.0,36.0,0.6667,0.5,0.6471
DPGate,lisa_signs,vgg16,0.07,0.000536,0.001368,0.003219,0.305556,0.001609,0.002736,0.00912,0.305556,731.0,2.0,1864.0,36.0,0.6667,0.5,0.6471
DPGate,lisa_signs,vgg16,0.08,0.000536,0.001368,0.003219,0.305556,0.001609,0.002736,0.00912,0.305556,731.0,2.0,1864.0,36.0,0.6667,0.5,0.6471
DPGate,lisa_signs,vgg16,0.09,0.000536,0.001368,0.003219,0.305556,0.001609,0.002736,0.00912,0.305556,731.0,2.0,1864.0,36.0,0.6667,0.5,0.6471
DPGate,lisa_signs,vgg16,0.1,0.000536,0.001368,0.003219,0.305556,0.001609,0.002736,0.00912,0.305556,731.0,2.0,1864.0,36.0,0.6667,0.5,0.6471
DPGate,lisa_signs,vgg16,0.11,0.000536,0.001368,0.003219,0.305556,0.001609,0.002736,0.00912,0.305556,731.0,2.0,1864.0,36.0,0.6667,0.5,0.6471
DPGate,lisa_signs,vgg16,0.12,0.000536,0.001368,0.003219,0.277778,0.001609,0.002736,0.00912,0.305556,731.0,2.0,1864.0,36.0,0.6667,0.5,0.6471
DPGate,lisa_signs,vgg16,0.13,0.000536,0.001368,0.003219,0.277778,0.001609,0.002736,0.00912,0.305556,731.0,2.0,1864.0,36.0,0.6667,0.5,0.6471
DPGate,lisa_signs,vgg16,0.14,0.000536,0.001368,0.003219,0.277778,0.001609,0.002736,0.00912,0.305556,731.0,2.0,1864.0,36.0,0.6667,0.5,0.6471
DPGate,lisa_signs,vgg16,0.15,0.000536,0.001368,0.003219,0.277778,0.001609,0.002736,0.00912,0.305556,731.0,2.0,1864.0,36.0,0.6667,0.5,0.6471
DPGate,lisa_signs,vgg16,0.16,0.000536,0.001368,0.003219,0.277778,0.001609,0.002736,0.00912,0.305556,731.0,2.0,1864.0,36.0,0.6667,0.5,0.6471
DPGate,lisa_signs,vgg16,0.17,0.000536,0.001368,0.003219,0.277778,0.001609,0.002736,0.00912,0.305556,731.0,2.0,1864.0,36.0,0.6667,0.5,0.6471
DPGate,lisa_signs,vgg16,0.18,0.000536,0.001368,0.003219,0.277778,0.001609,0.002736,0.00912,0.305556,731.0,2.0,1864.0,36.0,0.6667,0.5,0.6471
DPGate,lisa_signs,vgg16,0.19,0.000536,0.001368,0.003219,0.277778,0.001609,0.002736,0.00912,0.305556,731.0,2.0,1864.0,36.0,0.6667,0.5,0.6471
DPGate,lisa_signs,vgg16,0.2,0.000536,0.001368,0.003219,0.277778,0.001609,0.002736,0.00912,0.305556,731.0,2.0,1864.0,36.0,0.6667,0.5,0.6471
DPGate,lisa_signs,vgg16,0.21,0.000536,0.001368,0.003219,0.277778,0.001609,0.002736,0.00912,0.305556,731.0,2.0,1864.0,36.0,0.6667,0.5,0.6471
DPGate,lisa_signs,vgg16,0.22,0.000536,0.001368,0.003219,0.277778,0.001609,0.002736,0.00912,0.305556,731.0,2.0,1864.0,36.0,0.6667,0.5,0.6471
DPGate,lisa_signs,vgg16,0.23,0.000536,0.001368,0.003219,0.277778,0.001609,0.002736,0.00912,0.305556,731.0,2.0,1864.0,36.0,0.6667,0.5,0.6471
DPGate,lisa_signs,vgg16,0.24,0.000536,0.001368,0.003219,0.277778,0.001609,0.002736,0.00912,0.305556,731.0,2.0,1864.0,36.0,0.6667,0.5,0.6471
DPGate,lisa_signs,vgg16,0.25,0.000536,0.001368,0.003219,0.277778,0.001609,0.002736,0.00912,0.305556,731.0,2.0,1864.0,36.0,0.6667,0.5,0.6471
DPGate,lisa_signs,vgg16,0.26,0.000536,0.001368,0.003219,0.277778,0.001609,0.002736,0.00912,0.305556,731.0,2.0,1864.0,36.0,0.6667,0.5,0.6471
DPGate,lisa_signs,vgg16,0.27,0.000536,0.001368,0.003219,0.277778,0.001609,0.002736,0.00912,0.305556,731.0,2.0,1864.0,36.0,0.6667,0.5,0.6471
DPGate,lisa_signs,vgg16,0.28,0.0,0.0,0.0,0.277778,0.001609,0.002736,0.00912,0.305556,731.0,2.0,1864.0,36.0,1.0,1.0,1.0
DPGate,lisa_signs,vgg16,0.29,0.0,0.0,0.0,0.277778,0.001609,0.002736,0.00912,0.305556,731.0,2.0,1864.0,36.0,1.0,1.0,1.0
DPGate,lisa_signs,vgg16,0.3,0.0,0.0,0.0,0.277778,0.001609,0.002736,0.00912,0.305556,731.0,2.0,1864.0,36.0,1.0,1.0,1.0
DPGate,lisa_signs,vgg16,0.325,0.0,0.0,0.0,0.277778,0.001609,0.002736,0.00912,0.305556,731.0,2.0,1864.0,36.0,1.0,1.0,1.0
DPGate,lisa_signs,vgg16,0.35,0.0,0.0,0.0,0.277778,0.001609,0.002736,0.00912,0.305556,731.0,2.0,1864.0,36.0,1.0,1.0,1.0
DPGate,lisa_signs,vgg16,0.375,0.0,0.0,0.0,0.277778,0.001609,0.002736,0.00912,0.305556,731.0,2.0,1864.0,36.0,1.0,1.0,1.0
DPGate,lisa_signs,vgg16,0.4,0.0,0.0,0.0,0.25,0.001609,0.002736,0.00912,0.305556,731.0,2.0,1864.0,36.0,1.0,1.0,1.0
DPGate,lisa_signs,vgg16,0.425,0.0,0.0,0.0,0.25,0.001609,0.002736,0.00912,0.305556,731.0,2.0,1864.0,36.0,1.0,1.0,1.0
DPGate,lisa_signs,vgg16,0.45,0.0,0.0,0.0,0.222222,0.001609,0.002736,0.00912,0.305556,731.0,2.0,1864.0,36.0,1.0,1.0,1.0
DPGate,lisa_signs,vgg16,0.475,0.0,0.0,0.0,0.222222,0.001609,0.002736,0.00912,0.305556,731.0,2.0,1864.0,36.0,1.0,1.0,1.0
DPGate,lisa_signs,vgg16,0.5,0.0,0.0,0.0,0.222222,0.001609,0.002736,0.00912,0.305556,731.0,2.0,1864.0,36.0,1.0,1.0,1.0
DPGate,lisa_signs,vgg16,0.525,0.0,0.0,0.0,0.222222,0.001609,0.002736,0.00912,0.305556,731.0,2.0,1864.0,36.0,1.0,1.0,1.0
DPGate,lisa_signs,vgg16,0.55,0.0,0.0,0.0,0.222222,0.001609,0.002736,0.00912,0.305556,731.0,2.0,1864.0,36.0,1.0,1.0,1.0
DPGate,lisa_signs,vgg16,0.575,0.0,0.0,0.0,0.194444,0.001609,0.002736,0.00912,0.305556,731.0,2.0,1864.0,36.0,1.0,1.0,1.0
DPGate,lisa_signs,vgg16,0.6,0.0,0.0,0.0,0.194444,0.001609,0.002736,0.00912,0.305556,731.0,2.0,1864.0,36.0,1.0,1.0,1.0
DPGate,lisa_signs,vgg16,0.625,0.0,0.0,0.0,0.194444,0.001609,0.002736,0.00912,0.305556,731.0,2.0,1864.0,36.0,1.0,1.0,1.0
DPGate,lisa_signs,vgg16,0.65,0.0,0.0,0.0,0.194444,0.001609,0.002736,0.00912,0.305556,731.0,2.0,1864.0,36.0,1.0,1.0,1.0
DPGate,lisa_signs,vgg16,0.675,0.0,0.0,0.0,0.166667,0.001609,0.002736,0.00912,0.305556,731.0,2.0,1864.0,36.0,1.0,1.0,1.0
DPGate,lisa_signs,vgg16,0.7,0.0,0.0,0.0,0.166667,0.001609,0.002736,0.00912,0.305556,731.0,2.0,1864.0,36.0,1.0,1.0,1.0
DPGate,lisa_signs,vgg16,0.725,0.0,0.0,0.0,0.138889,0.001609,0.002736,0.00912,0.305556,731.0,2.0,1864.0,36.0,1.0,1.0,1.0
DPGate,lisa_signs,vgg16,0.75,0.0,0.0,0.0,0.138889,0.001609,0.002736,0.00912,0.305556,731.0,2.0,1864.0,36.0,1.0,1.0,1.0
DPGate,lisa_signs,vgg16,0.775,0.0,0.0,0.0,0.138889,0.001609,0.002736,0.00912,0.305556,731.0,2.0,1864.0,36.0,1.0,1.0,1.0
DPGate,lisa_signs,vgg16,0.8,0.0,0.0,0.0,0.111111,0.001609,0.002736,0.00912,0.305556,731.0,2.0,1864.0,36.0,1.0,1.0,1.0
DPGate,lisa_signs,vgg16,0.825,0.0,0.0,0.0,0.111111,0.001609,0.002736,0.00912,0.305556,731.0,2.0,1864.0,36.0,1.0,1.0,1.0
DPGate,lisa_signs,vgg16,0.85,0.0,0.0,0.0,0.083333,0.001609,0.002736,0.00912,0.305556,731.0,2.0,1864.0,36.0,1.0,1.0,1.0
DPGate,lisa_signs,vgg16,0.875,0.0,0.0,0.0,0.083333,0.001609,0.002736,0.00912,0.305556,731.0,2.0,1864.0,36.0,1.0,1.0,1.0
DPGate,lisa_signs,vgg16,0.9,0.0,0.0,0.0,0.055556,0.001609,0.002736,0.00912,0.305556,731.0,2.0,1864.0,36.0,1.0,1.0,1.0
DPGate,lisa_signs,vgg16,0.925,0.0,0.0,0.0,0.055556,0.001609,0.002736,0.00912,0.305556,731.0,2.0,1864.0,36.0,1.0,1.0,1.0
DPGate,lisa_signs,vgg16,0.95,0.0,0.0,0.0,0.027778,0.001609,0.002736,0.00912,0.305556,731.0,2.0,1864.0,36.0,1.0,1.0,1.0
DPGate,lisa_signs,vgg16,0.975,0.0,0.0,0.0,0.027778,0.001609,0.002736,0.00912,0.305556,731.0,2.0,1864.0,36.0,1.0,1.0,1.0
DPGate,lisa_signs,vgg16,1.0,0.0,0.0,0.0,0.0,0.001609,0.002736,0.00912,0.305556,731.0,2.0,1864.0,36.0,1.0,1.0,1.0
DPGate,tt100k_signs,convnext_tiny,0.0,0.009216,0.004119,0.021033,0.318043,0.009216,0.004119,0.021033,0.318043,4131.0,17.0,7306.0,218.0,0.0,0.0,0.0
DPGate,tt100k_signs,convnext_tiny,0.01,0.008942,0.003957,0.020303,0.318043,0.009216,0.004119,0.021033,0.318043,4131.0,17.0,7306.0,218.0,0.0297,0.0393,0.0347
DPGate,tt100k_signs,convnext_tiny,0.02,0.008714,0.003957,0.020075,0.318043,0.009216,0.004119,0.021033,0.318043,4131.0,17.0,7306.0,218.0,0.0545,0.0393,0.0456
DPGate,tt100k_signs,convnext_tiny,0.03,0.008532,0.003877,0.019664,0.318043,0.009216,0.004119,0.021033,0.318043,4131.0,17.0,7306.0,218.0,0.0743,0.0588,0.0651
DPGate,tt100k_signs,convnext_tiny,0.04,0.008304,0.003877,0.019436,0.318043,0.009216,0.004119,0.021033,0.318043,4131.0,17.0,7306.0,218.0,0.099,0.0588,0.0759
DPGate,tt100k_signs,convnext_tiny,0.05,0.008076,0.003796,0.01898,0.318043,0.009216,0.004119,0.021033,0.318043,4131.0,17.0,7306.0,218.0,0.1238,0.0784,0.0976
DPGate,tt100k_signs,convnext_tiny,0.06,0.007893,0.003796,0.018797,0.318043,0.009216,0.004119,0.021033,0.318043,4131.0,17.0,7306.0,218.0,0.1436,0.0784,0.1063
DPGate,tt100k_signs,convnext_tiny,0.07,0.007665,0.003715,0.018341,0.318043,0.009216,0.004119,0.021033,0.318043,4131.0,17.0,7306.0,218.0,0.1683,0.098,0.128
DPGate,tt100k_signs,convnext_tiny,0.08,0.007437,0.003715,0.018113,0.318043,0.009216,0.004119,0.021033,0.318043,4131.0,17.0,7306.0,218.0,0.1931,0.098,0.1388
DPGate,tt100k_signs,convnext_tiny,0.09,0.0073,0.003634,0.017748,0.318043,0.009216,0.004119,0.021033,0.318043,4131.0,17.0,7306.0,218.0,0.2079,0.1177,0.1562
DPGate,tt100k_signs,convnext_tiny,0.1,0.007026,0.003634,0.017474,0.318043,0.009216,0.004119,0.021033,0.318043,4131.0,17.0,7306.0,218.0,0.2376,0.1177,0.1692
DPGate,tt100k_signs,convnext_tiny,0.11,0.006889,0.003634,0.017337,0.318043,0.009216,0.004119,0.021033,0.318043,4131.0,17.0,7306.0,218.0,0.2525,0.1177,0.1757
DPGate,tt100k_signs,convnext_tiny,0.12,0.006616,0.003634,0.017064,0.318043,0.009216,0.004119,0.021033,0.318043,4131.0,17.0,7306.0,218.0,0.2822,0.1177,0.1887
DPGate,tt100k_signs,convnext_tiny,0.13,0.006387,0.003554,0.016607,0.318043,0.009216,0.004119,0.021033,0.318043,4131.0,17.0,7306.0,218.0,0.3069,0.1372,0.2104
DPGate,tt100k_signs,convnext_tiny,0.14,0.006205,0.003554,0.016425,0.318043,0.009216,0.004119,0.021033,0.318043,4131.0,17.0,7306.0,218.0,0.3267,0.1372,0.2191
DPGate,tt100k_signs,convnext_tiny,0.15,0.005977,0.003554,0.016197,0.318043,0.009216,0.004119,0.021033,0.318043,4131.0,17.0,7306.0,218.0,0.3515,0.1372,0.2299
DPGate,tt100k_signs,convnext_tiny,0.16,0.005749,0.003554,0.015969,0.318043,0.009216,0.004119,0.021033,0.318043,4131.0,17.0,7306.0,218.0,0.3762,0.1372,0.2408
DPGate,tt100k_signs,convnext_tiny,0.17,0.005566,0.003554,0.015786,0.318043,0.009216,0.004119,0.021033,0.318043,4131.0,17.0,7306.0,218.0,0.396,0.1372,0.2495
DPGate,tt100k_signs,convnext_tiny,0.18,0.005384,0.003474,0.015375,0.318043,0.009216,0.004119,0.021033,0.318043,4131.0,17.0,7306.0,218.0,0.4158,0.1567,0.269
DPGate,tt100k_signs,convnext_tiny,0.19,0.005156,0.003393,0.014919,0.318043,0.009216,0.004119,0.021033,0.318043,4131.0,17.0,7306.0,218.0,0.4406,0.1763,0.2907
DPGate,tt100k_signs,convnext_tiny,0.2,0.004973,0.003393,0.014737,0.318043,0.009216,0.004119,0.021033,0.318043,4131.0,17.0,7306.0,218.0,0.4604,0.1763,0.2993
DPGate,tt100k_signs,convnext_tiny,0.21,0.004699,0.003393,0.014463,0.318043,0.009216,0.004119,0.021033,0.318043,4131.0,17.0,7306.0,218.0,0.4901,0.1763,0.3124
DPGate,tt100k_signs,convnext_tiny,0.22,0.004562,0.003393,0.014326,0.318043,0.009216,0.004119,0.021033,0.318043,4131.0,17.0,7306.0,218.0,0.505,0.1763,0.3189
DPGate,tt100k_signs,convnext_tiny,0.23,0.004289,0.003312,0.013824,0.318043,0.009216,0.004119,0.021033,0.318043,4131.0,17.0,7306.0,218.0,0.5347,0.1959,0.3427
DPGate,tt100k_signs,convnext_tiny,0.24,0.004106,0.003312,0.013642,0.318043,0.009216,0.004119,0.021033,0.318043,4131.0,17.0,7306.0,218.0,0.5545,0.1959,0.3514
DPGate,tt100k_signs,convnext_tiny,0.25,0.003878,0.003312,0.013414,0.318043,0.009216,0.004119,0.021033,0.318043,4131.0,17.0,7306.0,218.0,0.5792,0.1959,0.3623
DPGate,tt100k_signs,convnext_tiny,0.26,0.00365,0.003312,0.013186,0.318043,0.009216,0.004119,0.021033,0.318043,4131.0,17.0,7306.0,218.0,0.604,0.1959,0.3731
DPGate,tt100k_signs,convnext_tiny,0.27,0.003467,0.003231,0.012775,0.318043,0.009216,0.004119,0.021033,0.318043,4131.0,17.0,7306.0,218.0,0.6238,0.2156,0.3926
DPGate,tt100k_signs,convnext_tiny,0.28,0.003239,0.003069,0.012091,0.318043,0.009216,0.004119,0.021033,0.318043,4131.0,17.0,7306.0,218.0,0.6485,0.2548,0.4252
DPGate,tt100k_signs,convnext_tiny,0.29,0.003057,0.003069,0.011908,0.318043,0.009216,0.004119,0.021033,0.318043,4131.0,17.0,7306.0,218.0,0.6683,0.2548,0.4338
DPGate,tt100k_signs,convnext_tiny,0.3,0.002829,0.002989,0.011452,0.318043,0.009216,0.004119,0.021033,0.318043,4131.0,17.0,7306.0,218.0,0.6931,0.2745,0.4555
DPGate,tt100k_signs,convnext_tiny,0.325,0.002327,0.002666,0.010037,0.318043,0.009216,0.004119,0.021033,0.318043,4131.0,17.0,7306.0,218.0,0.7475,0.3528,0.5228
DPGate,tt100k_signs,convnext_tiny,0.35,0.001825,0.002101,0.007939,0.316514,0.009216,0.004119,0.021033,0.318043,4131.0,17.0,7306.0,218.0,0.802,0.49,0.6226
DPGate,tt100k_signs,convnext_tiny,0.375,0.001414,0.001697,0.006387,0.316514,0.009216,0.004119,0.021033,0.318043,4131.0,17.0,7306.0,218.0,0.8465,0.588,0.6963
DPGate,tt100k_signs,convnext_tiny,0.4,0.001186,0.001374,0.005247,0.316514,0.009216,0.004119,0.021033,0.318043,4131.0,17.0,7306.0,218.0,0.8713,0.6665,0.7505
DPGate,tt100k_signs,convnext_tiny,0.425,0.000912,0.001131,0.004289,0.313456,0.009216,0.004119,0.021033,0.318043,4131.0,17.0,7306.0,218.0,0.901,0.7253,0.7961
DPGate,tt100k_signs,convnext_tiny,0.45,0.000776,0.00097,0.003696,0.307339,0.009216,0.004119,0.021033,0.318043,4131.0,17.0,7306.0,218.0,0.9158,0.7646,0.8243
DPGate,tt100k_signs,convnext_tiny,0.475,0.000593,0.000727,0.002829,0.299694,0.009216,0.004119,0.021033,0.318043,4131.0,17.0,7306.0,218.0,0.9356,0.8235,0.8655
DPGate,tt100k_signs,convnext_tiny,0.5,0.000365,0.000485,0.001916,0.292049,0.009216,0.004119,0.021033,0.318043,4131.0,17.0,7306.0,218.0,0.9604,0.8823,0.9089
DPGate,tt100k_signs,convnext_tiny,0.525,0.000365,0.000485,0.001916,0.282875,0.009216,0.004119,0.021033,0.318043,4131.0,17.0,7306.0,218.0,0.9604,0.8823,0.9089
DPGate,tt100k_signs,convnext_tiny,0.55,0.000274,0.000323,0.001369,0.272171,0.009216,0.004119,0.021033,0.318043,4131.0,17.0,7306.0,218.0,0.9703,0.9216,0.9349
DPGate,tt100k_signs,convnext_tiny,0.575,0.000274,0.000323,0.001369,0.262997,0.009216,0.004119,0.021033,0.318043,4131.0,17.0,7306.0,218.0,0.9703,0.9216,0.9349
DPGate,tt100k_signs,convnext_tiny,0.6,0.000274,0.000323,0.001369,0.253823,0.009216,0.004119,0.021033,0.318043,4131.0,17.0,7306.0,218.0,0.9703,0.9216,0.9349
DPGate,tt100k_signs,convnext_tiny,0.625,0.000182,0.000162,0.000821,0.243119,0.009216,0.004119,0.021033,0.318043,4131.0,17.0,7306.0,218.0,0.9802,0.9607,0.961
DPGate,tt100k_signs,convnext_tiny,0.65,0.000182,0.000162,0.000821,0.230887,0.009216,0.004119,0.021033,0.318043,4131.0,17.0,7306.0,218.0,0.9802,0.9607,0.961
DPGate,tt100k_signs,convnext_tiny,0.675,0.000137,8.1e-05,0.000547,0.217125,0.009216,0.004119,0.021033,0.318043,4131.0,17.0,7306.0,218.0,0.9851,0.9804,0.974
DPGate,tt100k_signs,convnext_tiny,0.7,0.000137,8.1e-05,0.000547,0.200306,0.009216,0.004119,0.021033,0.318043,4131.0,17.0,7306.0,218.0,0.9851,0.9804,0.974
DPGate,tt100k_signs,convnext_tiny,0.725,9.1e-05,0.0,0.000274,0.185015,0.009216,0.004119,0.021033,0.318043,4131.0,17.0,7306.0,218.0,0.9901,1.0,0.987
DPGate,tt100k_signs,convnext_tiny,0.75,9.1e-05,0.0,0.000274,0.168196,0.009216,0.004119,0.021033,0.318043,4131.0,17.0,7306.0,218.0,0.9901,1.0,0.987
DPGate,tt100k_signs,convnext_tiny,0.775,4.6e-05,0.0,4.6e-05,0.154434,0.009216,0.004119,0.021033,0.318043,4131.0,17.0,7306.0,218.0,0.995,1.0,0.9978
DPGate,tt100k_signs,convnext_tiny,0.8,4.6e-05,0.0,4.6e-05,0.137615,0.009216,0.004119,0.021033,0.318043,4131.0,17.0,7306.0,218.0,0.995,1.0,0.9978
DPGate,tt100k_signs,convnext_tiny,0.825,4.6e-05,0.0,4.6e-05,0.123853,0.009216,0.004119,0.021033,0.318043,4131.0,17.0,7306.0,218.0,0.995,1.0,0.9978
DPGate,tt100k_signs,convnext_tiny,0.85,4.6e-05,0.0,4.6e-05,0.107034,0.009216,0.004119,0.021033,0.318043,4131.0,17.0,7306.0,218.0,0.995,1.0,0.9978
DPGate,tt100k_signs,convnext_tiny,0.875,4.6e-05,0.0,4.6e-05,0.088685,0.009216,0.004119,0.021033,0.318043,4131.0,17.0,7306.0,218.0,0.995,1.0,0.9978
DPGate,tt100k_signs,convnext_tiny,0.9,4.6e-05,0.0,4.6e-05,0.071865,0.009216,0.004119,0.021033,0.318043,4131.0,17.0,7306.0,218.0,0.995,1.0,0.9978
DPGate,tt100k_signs,convnext_tiny,0.925,0.0,0.0,0.0,0.055046,0.009216,0.004119,0.021033,0.318043,4131.0,17.0,7306.0,218.0,1.0,1.0,1.0
DPGate,tt100k_signs,convnext_tiny,0.95,0.0,0.0,0.0,0.038226,0.009216,0.004119,0.021033,0.318043,4131.0,17.0,7306.0,218.0,1.0,1.0,1.0
DPGate,tt100k_signs,convnext_tiny,0.975,0.0,0.0,0.0,0.019878,0.009216,0.004119,0.021033,0.318043,4131.0,17.0,7306.0,218.0,1.0,1.0,1.0
DPGate,tt100k_signs,convnext_tiny,1.0,0.0,0.0,0.0,0.0,0.009216,0.004119,0.021033,0.318043,4131.0,17.0,7306.0,218.0,1.0,1.0,1.0
DPGate,tt100k_signs,vgg16,0.0,0.016924,0.012895,0.054418,0.302846,0.016924,0.012895,0.054418,0.302846,4081.7,52.7,7130.0,328.0,0.0,0.0,0.0
DPGate,tt100k_signs,vgg16,0.01,0.01641,0.012242,0.052034,0.302846,0.016924,0.012895,0.054418,0.302846,4081.7,52.7,7130.0,328.0,0.0304,0.0506,0.0438
DPGate,tt100k_signs,vgg16,0.02,0.015989,0.011589,0.049743,0.302846,0.016924,0.012895,0.054418,0.302846,4081.7,52.7,7130.0,328.0,0.0552,0.1013,0.0859
DPGate,tt100k_signs,vgg16,0.03,0.015568,0.011181,0.048153,0.302846,0.016924,0.012895,0.054418,0.302846,4081.7,52.7,7130.0,328.0,0.0801,0.1329,0.1151
DPGate,tt100k_signs,vgg16,0.04,0.015147,0.010527,0.045769,0.302846,0.016924,0.012895,0.054418,0.302846,4081.7,52.7,7130.0,328.0,0.105,0.1837,0.1589
DPGate,tt100k_signs,vgg16,0.05,0.01468,0.010117,0.044086,0.302846,0.016924,0.012895,0.054418,0.302846,4081.7,52.7,7130.0,328.0,0.1326,0.2155,0.1899
DPGate,tt100k_signs,vgg16,0.06,0.014259,0.009627,0.042263,0.302846,0.016924,0.012895,0.054418,0.302846,4081.7,52.7,7130.0,328.0,0.1575,0.2535,0.2234
DPGate,tt100k_signs,vgg16,0.07,0.013838,0.009302,0.040907,0.302846,0.016924,0.012895,0.054418,0.302846,4081.7,52.7,7130.0,328.0,0.1823,0.2786,0.2483
DPGate,tt100k_signs,vgg16,0.08,0.013464,0.008974,0.039598,0.302846,0.016924,0.012895,0.054418,0.302846,4081.7,52.7,7130.0,328.0,0.2044,0.3041,0.2723
DPGate,tt100k_signs,vgg16,0.09,0.013043,0.008729,0.038476,0.302846,0.016924,0.012895,0.054418,0.302846,4081.7,52.7,7130.0,328.0,0.2293,0.3231,0.293
DPGate,tt100k_signs,vgg16,0.1,0.012576,0.008321,0.03684,0.302846,0.016924,0.012895,0.054418,0.302846,4081.7,52.7,7130.0,328.0,0.2569,0.3547,0.323
DPGate,tt100k_signs,vgg16,0.11,0.012155,0.007913,0.03525,0.302846,0.016924,0.012895,0.054418,0.302846,4081.7,52.7,7130.0,328.0,0.2818,0.3864,0.3522
DPGate,tt100k_signs,vgg16,0.12,0.011734,0.007587,0.033894,0.302846,0.016924,0.012895,0.054418,0.302846,4081.7,52.7,7130.0,328.0,0.3066,0.4116,0.3771
DPGate,tt100k_signs,vgg16,0.13,0.011314,0.007261,0.032539,0.302846,0.016924,0.012895,0.054418,0.302846,4081.7,52.7,7130.0,328.0,0.3315,0.4369,0.4021
DPGate,tt100k_signs,vgg16,0.14,0.010893,0.007016,0.03137,0.302846,0.016924,0.012895,0.054418,0.302846,4081.7,52.7,7130.0,328.0,0.3564,0.4559,0.4235
DPGate,tt100k_signs,vgg16,0.15,0.010425,0.006771,0.030201,0.302846,0.016924,0.012895,0.054418,0.302846,4081.7,52.7,7130.0,328.0,0.384,0.4749,0.445
DPGate,tt100k_signs,vgg16,0.16,0.010005,0.006444,0.028845,0.302846,0.016924,0.012895,0.054418,0.302846,4081.7,52.7,7130.0,328.0,0.4088,0.5003,0.4699
DPGate,tt100k_signs,vgg16,0.17,0.009584,0.006118,0.027489,0.302846,0.016924,0.012895,0.054418,0.302846,4081.7,52.7,7130.0,328.0,0.4337,0.5256,0.4948
DPGate,tt100k_signs,vgg16,0.18,0.009163,0.006036,0.026835,0.302846,0.016924,0.012895,0.054418,0.302846,4081.7,52.7,7130.0,328.0,0.4586,0.5319,0.5069
DPGate,tt100k_signs,vgg16,0.19,0.008742,0.005792,0.025713,0.302846,0.016924,0.012895,0.054418,0.302846,4081.7,52.7,7130.0,328.0,0.4834,0.5508,0.5275
DPGate,tt100k_signs,vgg16,0.2,0.008275,0.005546,0.024544,0.302846,0.016924,0.012895,0.054418,0.302846,4081.7,52.7,7130.0,328.0,0.511,0.5699,0.549
DPGate,tt100k_signs,vgg16,0.21,0.007854,0.005465,0.02389,0.302846,0.016924,0.012895,0.054418,0.302846,4081.7,52.7,7130.0,328.0,0.5359,0.5762,0.561
DPGate,tt100k_signs,vgg16,0.22,0.00748,0.005384,0.023282,0.302846,0.016924,0.012895,0.054418,0.302846,4081.7,52.7,7130.0,328.0,0.558,0.5825,0.5722
DPGate,tt100k_signs,vgg16,0.23,0.007059,0.005058,0.021926,0.302846,0.016924,0.012895,0.054418,0.302846,4081.7,52.7,7130.0,328.0,0.5829,0.6078,0.5971
DPGate,tt100k_signs,vgg16,0.24,0.006592,0.004895,0.020991,0.302846,0.016924,0.012895,0.054418,0.302846,4081.7,52.7,7130.0,328.0,0.6105,0.6204,0.6143
DPGate,tt100k_signs,vgg16,0.25,0.006171,0.004569,0.019542,0.302846,0.016924,0.012895,0.054418,0.302846,4081.7,52.7,7130.0,328.0,0.6354,0.6457,0.6409
DPGate,tt100k_signs,vgg16,0.26,0.00575,0.004487,0.018887,0.302846,0.016924,0.012895,0.054418,0.302846,4081.7,52.7,7130.0,328.0,0.6602,0.652,0.6529
DPGate,tt100k_signs,vgg16,0.27,0.00533,0.004079,0.017298,0.302846,0.016924,0.012895,0.054418,0.302846,4081.7,52.7,7130.0,328.0,0.6851,0.6837,0.6821
DPGate,tt100k_signs,vgg16,0.28,0.004909,0.00359,0.015475,0.302846,0.016924,0.012895,0.054418,0.302846,4081.7,52.7,7130.0,328.0,0.7099,0.7216,0.7156
DPGate,tt100k_signs,vgg16,0.29,0.004441,0.003427,0.01454,0.302846,0.016924,0.012895,0.054418,0.302846,4081.7,52.7,7130.0,328.0,0.7376,0.7342,0.7328
DPGate,tt100k_signs,vgg16,0.3,0.004021,0.003346,0.013791,0.302846,0.016924,0.012895,0.054418,0.302846,4081.7,52.7,7130.0,328.0,0.7624,0.7405,0.7466
DPGate,tt100k_signs,vgg16,0.325,0.002992,0.002611,0.010566,0.302846,0.016924,0.012895,0.054418,0.302846,4081.7,52.7,7130.0,328.0,0.8232,0.7975,0.8058
DPGate,tt100k_signs,vgg16,0.35,0.002057,0.001797,0.007293,0.301829,0.016924,0.012895,0.054418,0.302846,4081.7,52.7,7130.0,328.0,0.8785,0.8607,0.866
DPGate,tt100k_signs,vgg16,0.375,0.001543,0.001226,0.005143,0.300813,0.016924,0.012895,0.054418,0.302846,4081.7,52.7,7130.0,328.0,0.9088,0.9049,0.9055
DPGate,tt100k_signs,vgg16,0.4,0.001075,0.000737,0.003273,0.299797,0.016924,0.012895,0.054418,0.302846,4081.7,52.7,7130.0,328.0,0.9365,0.9429,0.9399
DPGate,tt100k_signs,vgg16,0.425,0.000935,0.000574,0.002665,0.29878,0.016924,0.012895,0.054418,0.302846,4081.7,52.7,7130.0,328.0,0.9448,0.9555,0.951
DPGate,tt100k_signs,vgg16,0.45,0.000842,0.000574,0.002571,0.293699,0.016924,0.012895,0.054418,0.302846,4081.7,52.7,7130.0,328.0,0.9503,0.9555,0.9527
DPGate,tt100k_signs,vgg16,0.475,0.000701,0.000491,0.002197,0.289634,0.016924,0.012895,0.054418,0.302846,4081.7,52.7,7130.0,328.0,0.9586,0.9619,0.9596
DPGate,tt100k_signs,vgg16,0.5,0.000655,0.000491,0.002151,0.28252,0.016924,0.012895,0.054418,0.302846,4081.7,52.7,7130.0,328.0,0.9613,0.9619,0.9605
DPGate,tt100k_signs,vgg16,0.525,0.000608,0.000491,0.002104,0.273374,0.016924,0.012895,0.054418,0.302846,4081.7,52.7,7130.0,328.0,0.9641,0.9619,0.9613
DPGate,tt100k_signs,vgg16,0.55,0.000421,0.000327,0.001403,0.269309,0.016924,0.012895,0.054418,0.302846,4081.7,52.7,7130.0,328.0,0.9751,0.9746,0.9742
DPGate,tt100k_signs,vgg16,0.575,0.000327,0.000327,0.001309,0.263211,0.016924,0.012895,0.054418,0.302846,4081.7,52.7,7130.0,328.0,0.9807,0.9746,0.9759
DPGate,tt100k_signs,vgg16,0.6,0.000281,0.000327,0.001262,0.252033,0.016924,0.012895,0.054418,0.302846,4081.7,52.7,7130.0,328.0,0.9834,0.9746,0.9768
DPGate,tt100k_signs,vgg16,0.625,0.000281,0.000327,0.001262,0.243902,0.016924,0.012895,0.054418,0.302846,4081.7,52.7,7130.0,328.0,0.9834,0.9746,0.9768
DPGate,tt100k_signs,vgg16,0.65,0.000281,0.000327,0.001262,0.229675,0.016924,0.012895,0.054418,0.302846,4081.7,52.7,7130.0,328.0,0.9834,0.9746,0.9768
DPGate,tt100k_signs,vgg16,0.675,0.00014,0.000163,0.000608,0.219512,0.016924,0.012895,0.054418,0.302846,4081.7,52.7,7130.0,328.0,0.9917,0.9874,0.9888
DPGate,tt100k_signs,vgg16,0.7,0.00014,0.000163,0.000608,0.214431,0.016924,0.012895,0.054418,0.302846,4081.7,52.7,7130.0,328.0,0.9917,0.9874,0.9888
DPGate,tt100k_signs,vgg16,0.725,9.4e-05,8.1e-05,0.000327,0.20122,0.016924,0.012895,0.054418,0.302846,4081.7,52.7,7130.0,328.0,0.9945,0.9937,0.994
DPGate,tt100k_signs,vgg16,0.75,0.0,0.0,0.0,0.183943,0.016924,0.012895,0.054418,0.302846,4081.7,52.7,7130.0,328.0,1.0,1.0,1.0
DPGate,tt100k_signs,vgg16,0.775,0.0,0.0,0.0,0.171748,0.016924,0.012895,0.054418,0.302846,4081.7,52.7,7130.0,328.0,1.0,1.0,1.0
DPGate,tt100k_signs,vgg16,0.8,0.0,0.0,0.0,0.159553,0.016924,0.012895,0.054418,0.302846,4081.7,52.7,7130.0,328.0,1.0,1.0,1.0
DPGate,tt100k_signs,vgg16,0.825,0.0,0.0,0.0,0.143293,0.016924,0.012895,0.054418,0.302846,4081.7,52.7,7130.0,328.0,1.0,1.0,1.0
DPGate,tt100k_signs,vgg16,0.85,0.0,0.0,0.0,0.122967,0.016924,0.012895,0.054418,0.302846,4081.7,52.7,7130.0,328.0,1.0,1.0,1.0
DPGate,tt100k_signs,vgg16,0.875,0.0,0.0,0.0,0.105691,0.016924,0.012895,0.054418,0.302846,4081.7,52.7,7130.0,328.0,1.0,1.0,1.0
DPGate,tt100k_signs,vgg16,0.9,0.0,0.0,0.0,0.08435,0.016924,0.012895,0.054418,0.302846,4081.7,52.7,7130.0,328.0,1.0,1.0,1.0
DPGate,tt100k_signs,vgg16,0.925,0.0,0.0,0.0,0.063008,0.016924,0.012895,0.054418,0.302846,4081.7,52.7,7130.0,328.0,1.0,1.0,1.0
DPGate,tt100k_signs,vgg16,0.95,0.0,0.0,0.0,0.047764,0.016924,0.012895,0.054418,0.302846,4081.7,52.7,7130.0,328.0,1.0,1.0,1.0
DPGate,tt100k_signs,vgg16,0.975,0.0,0.0,0.0,0.02439,0.016924,0.012895,0.054418,0.302846,4081.7,52.7,7130.0,328.0,1.0,1.0,1.0
DPGate,tt100k_signs,vgg16,1.0,0.0,0.0,0.0,0.0,0.016924,0.012895,0.054418,0.302846,4081.7,52.7,7130.0,328.0,1.0,1.0,1.0
